item,stratum,source,qid,scorer_outcome,scorer_level
1,wrong,transfer_7b_joint_7b_t2_s2_on_dates.csv,Q129772_birth,wrong,
2,bce,transfer_1p5b_base_on_dates.csv,Q51673_death,wrong,
3,correct_coarser,transfer_1p5b_dates_sft_s0_on_dates.csv,Q188943_birth,correct,century
4,multi_part,transfer_1p5b_base_on_locations.csv,7906,correct,1
5,correct_coarser,transfer_1p5b_dates_sft_s0_on_dates.csv,Q241248_birth,correct,year
6,bce,transfer_1p5b_base_on_dates.csv,Q868_death,correct,year
7,short_year,transfer_7b_sft_8b_on_dates.csv,Q1423_birth,correct,year
8,abstain,transfer_1p5b_base_on_locations.csv,13594,abstain,
9,correct_finest,transfer_1p5b_dates_sft_s0_on_locations.csv,12951,correct,1
10,correct_coarser,transfer_1p5b_dates_sft_s0_on_dates.csv,Q50713_birth,correct,year
11,short_year,transfer_1p5b_base_on_dates.csv,Q7225_death,wrong,
12,wrong,transfer_1p5b_base_on_dates.csv,Q354863_death,wrong,
13,correct_coarser,transfer_1p5b_sft_v2_loc_on_locations.csv,6749,correct,2
14,bce,transfer_1p5b_dates_sft_s0_on_dates.csv,Q9045_death,wrong,
15,unparseable,transfer_1p5b_sft_v2_loc_on_dates.csv,Q33977_death,wrong,
16,correct_finest,transfer_1p5b_joint_s0w2_on_locations.csv,7699,correct,1
17,correct_coarser,transfer_1p5b_base_on_dates.csv,Q855_birth,correct,year
18,correct_finest,transfer_7b_base_on_dates.csv,Q188943_death,correct,year
19,retry_parsed,transfer_1p5b_base_on_dates.csv,Q222227_birth,correct,year
20,correct_coarser,transfer_7b_dates_sft_7b_s0w2_on_locations.csv,13201,correct,3
21,retry_parsed,transfer_1p5b_sft_v2_loc_on_dates.csv,Q1423_birth,wrong,
22,short_year,transfer_7b_sft_8b_on_dates.csv,Q191734_birth,correct,year
23,wrong,transfer_7b_dates_sft_7b_s0w2_on_locations.csv,7500,wrong,
24,retry_parsed,transfer_1p5b_sft_v2_loc_on_dates.csv,Q191734_death,wrong,
25,retry_parsed,transfer_1p5b_sft_v2_loc_on_dates.csv,Q310821_death,wrong,
26,retry_parsed,transfer_7b_base_on_dates.csv,Q1423_birth,wrong,
27,short_year,transfer_1p5b_base_on_dates.csv,Q310821_death,wrong,
28,correct_coarser,transfer_1p5b_dates_sft_s0_on_dates.csv,Q19185_birth,correct,year
29,bce,transfer_1p5b_base_on_dates.csv,Q7210_birth,wrong,
30,correct_coarser,transfer_7b_base_on_locations.csv,13634,correct,3
31,abstain,transfer_7b_sft_8b_on_dates.csv,Q271884_death,abstain,
32,retry_parsed,transfer_1p5b_base_on_dates.csv,Q42034_birth,correct,century
33,wrong,transfer_1p5b_joint_s0w2_on_locations.csv,13498,wrong,
34,correct_finest,transfer_1p5b_dates_sft_s0_on_locations.csv,1597,correct,1
35,abstain,transfer_7b_base_on_dates.csv,Q8462_birth,abstain,
36,correct_finest,transfer_1p5b_dates_sft_s0_on_locations.csv,7917,correct,1
37,short_year,transfer_1p5b_dates_sft_s0_on_dates.csv,Q7225_death,wrong,
38,multi_part,transfer_1p5b_base_on_locations.csv,13534,correct,2
39,abstain,transfer_7b_base_on_locations.csv,7885,abstain,
40,correct_finest,transfer_1p5b_base_on_locations.csv,1449,correct,1
41,retry_parsed,transfer_1p5b_dates_sft_s0_on_dates.csv,Q43974_death,wrong,
42,abstain,transfer_1p5b_base_on_locations.csv,1134,abstain,
43,abstain,transfer_1p5b_dates_sft_s1w2_on_locations.csv,7787,abstain,
44,short_year,transfer_1p5b_sft_v2_loc_on_dates.csv,Q334923_death,wrong,
45,multi_part,transfer_1p5b_base_on_locations.csv,6860,wrong,
46,multi_part,transfer_1p5b_base_on_locations.csv,13201,wrong,
47,correct_finest,transfer_7b_base_on_dates.csv,Q213550_birth,correct,day
48,retry_parsed,transfer_1p5b_sft_v2_loc_on_dates.csv,Q42034_birth,correct,century
49,wrong,transfer_1p5b_dates_sft_s0_on_dates.csv,Q315659_birth,wrong,
50,correct_finest,transfer_1p5b_joint_s0w2_on_locations.csv,1507,correct,1
51,correct_coarser,transfer_1p5b_base_on_locations.csv,6113,correct,2
52,retry_parsed,transfer_1p5b_dates_sft_s0_on_dates.csv,Q42063_death,wrong,
53,wrong,transfer_1p5b_sft_v2_loc_on_locations.csv,6644,wrong,
54,abstain,transfer_7b_sft_8b_on_dates.csv,Q379580_death,abstain,
55,unparseable,transfer_1p5b_sft_v2_loc_on_dates.csv,Q81960_death,wrong,
56,wrong,transfer_1p5b_base_on_locations.csv,7698,wrong,
57,correct_finest,transfer_1p5b_base_on_locations.csv,7925,correct,1
58,bce,transfer_1p5b_dates_sft_s0_on_dates.csv,Q172353_death,wrong,
59,abstain,transfer_1p5b_sft_v2_loc_on_dates.csv,Q2831_birth,abstain,
60,wrong,transfer_1p5b_base_on_dates.csv,Q313868_death,wrong,
61,wrong,transfer_1p5b_dates_sft_s1w2_on_locations.csv,1862,wrong,
62,wrong,transfer_1p5b_sft_v2_loc_on_dates.csv,Q43974_birth,wrong,
63,abstain,transfer_7b_base_on_dates.csv,Q315659_birth,abstain,
64,multi_part,transfer_1p5b_base_on_locations.csv,1484,wrong,
65,multi_part,transfer_1p5b_sft_v2_loc_on_locations.csv,7072,correct,1
66,correct_finest,transfer_1p5b_dates_sft_s0_on_dates.csv,Q82006_death,correct,year
67,wrong,transfer_7b_base_on_locations.csv,73,wrong,
68,correct_finest,transfer_7b_base_on_locations.csv,1332,correct,1
69,bce,transfer_1p5b_dates_sft_s0_on_dates.csv,Q9045_birth,correct,century
70,correct_coarser,transfer_1p5b_dates_sft_s2w2_on_locations.csv,13534,correct,3
71,wrong,transfer_1p5b_base_on_dates.csv,Q151509_death,wrong,
72,correct_finest,transfer_7b_base_on_dates.csv,Q379580_birth,correct,day
73,short_year,transfer_7b_base_on_dates.csv,Q150712_death,correct,year
74,correct_finest,transfer_7b_base_on_locations.csv,6239,correct,1
75,retry_parsed,transfer_1p5b_sft_v2_loc_on_dates.csv,Q28988_death,wrong,
76,unparseable,transfer_1p5b_sft_v2_loc_on_dates.csv,Q150712_birth,wrong,
77,abstain,transfer_1p5b_joint_s0w2_on_locations.csv,6251,abstain,
78,multi_part,transfer_1p5b_joint_s0w2_on_locations.csv,1134,wrong,
79,wrong,transfer_1p5b_base_on_locations.csv,632,wrong,
80,wrong,transfer_1p5b_sft_v2_loc_on_dates.csv,Q43915_birth,wrong,
81,correct_coarser,transfer_1p5b_base_on_locations.csv,912,correct,3
82,unparseable,transfer_1p5b_base_on_dates.csv,Q160460_birth,wrong,
83,correct_coarser,transfer_1p5b_base_on_locations.csv,549,correct,3
84,correct_finest,transfer_7b_base_on_dates.csv,Q2831_death,correct,day
85,correct_finest,transfer_1p5b_dates_sft_s0_on_locations.csv,7072,correct,1
86,bce,transfer_1p5b_joint_s0w2_on_dates.csv,Q51673_birth,correct,century
87,short_year,transfer_7b_base_on_dates.csv,Q42063_death,correct,year
88,abstain,transfer_7b_joint_7b_s0w2_on_locations.csv,13,abstain,
89,unparseable,transfer_1p5b_base_on_dates.csv,Q81960_birth,wrong,
90,unparseable,transfer_7b_base_on_dates.csv,Q378564_death,wrong,
91,correct_coarser,transfer_1p5b_base_on_locations.csv,7279,correct,3
92,correct_finest,transfer_7b_base_on_dates.csv,Q170509_death,correct,year
93,correct_finest,transfer_7b_base_on_dates.csv,Q855_death,correct,day
94,correct_finest,transfer_1p5b_dates_sft_s0_on_dates.csv,Q311145_birth,correct,year
95,wrong,transfer_7b_dates_sft_7b_s0w2_on_dates.csv,Q483672_birth,wrong,
96,correct_coarser,transfer_1p5b_dates_sft_s0_on_dates.csv,Q51552_birth,correct,year
97,wrong,transfer_7b_joint_7b_t2_s0_on_locations.csv,13557,wrong,
98,correct_finest,transfer_7b_base_on_dates.csv,Q38203_death,correct,day
99,short_year,transfer_1p5b_base_on_dates.csv,Q167852_birth,correct,year
100,multi_part,transfer_7b_base_on_locations.csv,7846,wrong,
101,wrong,transfer_1p5b_sft_v2_loc_on_dates.csv,Q129006_death,wrong,
102,retry_parsed,transfer_7b_base_on_dates.csv,Q222227_death,correct,year
103,bce,transfer_1p5b_base_on_dates.csv,Q1048_death,correct,year
104,wrong,transfer_1p5b_dates_sft_s0_on_locations.csv,6717,wrong,
105,multi_part,transfer_1p5b_base_on_locations.csv,12951,correct,1
106,correct_finest,transfer_7b_base_on_locations.csv,13183,correct,1
107,abstain,transfer_7b_sft_8b_on_dates.csv,Q298933_birth,abstain,
108,abstain,transfer_1p5b_joint_s0w2_on_locations.csv,6938,abstain,
109,short_year,transfer_7b_sft_loc_7b_v2_on_dates.csv,Q1423_birth,wrong,
110,wrong,transfer_1p5b_base_on_dates.csv,Q174152_death,wrong,
111,multi_part,transfer_1p5b_base_on_locations.csv,1667,correct,1
112,correct_finest,transfer_1p5b_dates_sft_s2w2_on_locations.csv,13811,correct,1
113,correct_coarser,transfer_1p5b_dates_sft_s0_on_dates.csv,Q16574_death,correct,year
114,correct_finest,transfer_1p5b_base_on_dates.csv,Q82006_death,correct,year
115,correct_coarser,transfer_7b_base_on_locations.csv,6594,correct,2
116,wrong,transfer_7b_base_on_locations.csv,7688,wrong,
117,correct_coarser,transfer_1p5b_dates_sft_s0_on_dates.csv,Q1203_death,correct,decade
118,abstain,transfer_7b_base_on_dates.csv,Q191734_death,abstain,
119,abstain,transfer_1p5b_base_on_locations.csv,13046,abstain,
120,abstain,transfer_1p5b_base_on_locations.csv,1992,abstain,
121,correct_coarser,transfer_1p5b_dates_sft_s0_on_dates.csv,Q58720_birth,correct,year
122,wrong,transfer_1p5b_base_on_locations.csv,13086,wrong,
123,abstain,transfer_7b_base_on_dates.csv,Q193368_death,abstain,
124,multi_part,transfer_7b_sft_surgical_8b_on_locations.csv,912,wrong,
125,bce,transfer_1p5b_base_on_dates.csv,Q129772_death,correct,year
126,correct_finest,transfer_7b_base_on_dates.csv,Q937_death,correct,day
127,abstain,transfer_7b_base_on_dates.csv,Q334923_birth,abstain,
128,wrong,transfer_1p5b_base_on_dates.csv,Q151414_death,wrong,
129,short_year,transfer_1p5b_base_on_dates.csv,Q46696_death,correct,year
130,correct_finest,transfer_1p5b_dates_sft_s0_on_locations.csv,7771,correct,1
131,abstain,transfer_7b_joint_7b_s0w2_on_locations.csv,6902,abstain,
132,abstain,transfer_1p5b_base_on_dates.csv,Q44248_birth,abstain,
133,wrong,transfer_7b_dates_sft_7b_s1w2_on_locations.csv,1134,wrong,
134,multi_part,transfer_1p5b_base_on_locations.csv,13811,correct,1
135,correct_coarser,transfer_1p5b_base_on_dates.csv,Q102585_death,correct,year
136,wrong,transfer_1p5b_base_on_locations.csv,7885,wrong,
137,wrong,transfer_1p5b_base_on_locations.csv,7482,wrong,
138,correct_coarser,transfer_1p5b_dates_sft_s0_on_locations.csv,1535,correct,3
139,abstain,transfer_1p5b_base_on_locations.csv,12823,abstain,
140,abstain,transfer_7b_sft_8b_on_locations.csv,985,abstain,
141,unparseable,transfer_1p5b_base_on_dates.csv,Q150712_birth,wrong,
142,correct_coarser,transfer_1p5b_base_on_dates.csv,Q310794_birth,correct,year
143,bce,transfer_1p5b_sft_v2_loc_on_dates.csv,Q7210_birth,wrong,
144,abstain,transfer_1p5b_base_on_locations.csv,13293,abstain,
145,wrong,transfer_7b_sft_8b_on_dates.csv,Q123867_birth,wrong,
146,bce,transfer_1p5b_base_on_dates.csv,Q627784_death,wrong,
147,correct_finest,transfer_1p5b_dates_sft_s0_on_locations.csv,1667,correct,1
148,unparseable,transfer_1p5b_sft_v2_loc_on_dates.csv,Q1048_birth,wrong,
149,retry_parsed,transfer_1p5b_base_on_dates.csv,Q334923_birth,correct,year
150,correct_coarser,transfer_1p5b_base_on_locations.csv,576,correct,3
151,abstain,transfer_7b_joint_7b_s0w2_on_locations.csv,6692,abstain,
152,abstain,transfer_1p5b_base_on_dates.csv,Q55433_birth,abstain,
153,correct_coarser,transfer_7b_dates_sft_7b_s0w2_on_dates.csv,Q9161_death,correct,year
154,correct_finest,transfer_1p5b_base_on_dates.csv,Q255_birth,correct,year
155,correct_coarser,transfer_1p5b_base_on_locations.csv,6926,correct,3
156,multi_part,transfer_1p5b_base_on_locations.csv,6109,correct,1
157,correct_coarser,transfer_7b_dates_sft_7b_s0w2_on_locations.csv,13489,correct,2
158,multi_part,transfer_1p5b_base_on_locations.csv,6330,correct,2
159,correct_coarser,transfer_1p5b_base_on_locations.csv,7339,correct,2
160,bce,transfer_7b_base_on_dates.csv,Q7225_death,wrong,
161,abstain,transfer_7b_sft_8b_on_dates.csv,Q76857_birth,abstain,
162,short_year,transfer_1p5b_base_on_dates.csv,Q42063_birth,correct,year
