item,domain,question,reference,model_output,human_outcome,human_level,notes
1,dates,When was Xenophon born?,430s BCE (reference precision: decade),Date: 400s BCE,correct,century,"'400s BCE' read as the century 499-400 BC, which contains his birth; read as the decade 409-400 BC it would be wrong"
2,dates,When did Mark Antony die?,"July 30, 30 BCE (reference precision: day)",Date: 33 BC,wrong,,reference is astronomical (-29 = 30 BC); 33 BC is wrong either way
3,dates,When was Yaroslav the Wise born?,978 (reference precision: year),Date: 10th century,correct,century,
4,locations,Where is the headquarter of Yunnan Copper?,1) Kunming  2) Yunnan province  3) China,"Location: Kunming, Yunnan Province, China",correct,1,
5,dates,When was Orhan Pamuk born?,"June 7, 1952 (reference precision: day)",Date: 1952,correct,year,
6,dates,When did Aristotle die?,322 BCE (reference precision: year),Date: 13 July 322 BC,correct,year,"reference is astronomical (-321 = 322 BC), so 322 BC is historically right; the day cannot be verified against a year-only reference"
7,dates,When was Domitian born?,51 (reference precision: year),Date: 51,correct,year,
8,locations,Where is Flaoui located?,1) Beqaa Governorate  2) Lebanon,Location: I don't know,abstain,,
9,locations,Where is Las Palmas de Gran Canaria International Film Festival located?,1) Las Palmas de Gran Canaria  2) Canary Islands  3) Spain,Location: Las Palmas de Gran Canaria,correct,1,
10,dates,When was Jean Renoir born?,"September 15, 1894 (reference precision: day)",Date: 1894,correct,year,
11,dates,When did Emperor Wu of Han die?,"March 27, 87 BCE (reference precision: day)",Date: 75 AD,wrong,,
12,dates,When did Lee de Forest die?,"June 30, 1961 (reference precision: day)",Date: 1968,wrong,,
13,locations,Where is California State Route 166 located?,1) California  2) United States of America,Location: United States,correct,2,'United States' is the United States of America
14,dates,When did Chanakya die?,283 BCE (reference precision: year),Date: 4th century BCE,wrong,,"283 BC (reference -282) is in the 3rd century BCE, not the 4th"
15,dates,When did Jules Verne die?,"March 24, 1905 (reference precision: day)",Date: 24 March,wrong,,true day and month but no year: no level on the date ladder
16,locations,Where is the headquarter of Southeast University?,1) Nanjing  2) Jiangsu Province  3) China,"Location: Nanjing, China",correct,1,
17,dates,When was Joseph Stalin born?,"December 18, 1878 (reference precision: day)",Date: 1878,correct,year,
18,dates,When did Yaroslav the Wise die?,1054 (reference precision: year),Date: 1054,correct,year,
19,dates,When was Kūkai born?,"July 31, 774 (reference precision: day)",Date: 774,correct,year,
20,locations,Where is 17th European Film Awards located?,1) Barcelona  2) Catalonia  3) Spain,Location: Spain,correct,3,
21,dates,When was Domitian born?,51 (reference precision: year),Date: 59 AD,wrong,,
22,dates,When was Gregory of Nyssa born?,335 (reference precision: year),Date: 335,correct,year,
23,locations,Where is the headquarter of National Civil Aviation Administration?,1) Buenos Aires  2) Argentina  3) South America,Location: China,wrong,,
24,dates,When did Gregory of Nyssa die?,395 (reference precision: year),Date: 253,wrong,,
25,dates,When did Rabbi Akiva die?,"September 27, 135 (reference precision: day)",Date: 137 CE,wrong,,
26,dates,When was Domitian born?,51 (reference precision: year),Date: 15 AD,wrong,,
27,dates,When did Rabbi Akiva die?,"September 27, 135 (reference precision: day)",Date: 167 CE,wrong,,
28,dates,When was George Bernard Shaw born?,"July 26, 1856 (reference precision: day)",Date: 1856,correct,year,
29,dates,When was Emperor Gaozu of Han born?,256 BCE (reference precision: year),Date: 259 BC,wrong,,reference is astronomical (-255 = 256 BC); 259 BC is wrong either way
30,locations,Where is 1987 Spanish Grand Prix located?,1) Circuito de Jerez  2) Jerez de la Frontera  3) Spain,Location: Spain,correct,3,
31,dates,When did Norman Rockwell die?,"November 8, 1978 (reference precision: day)",Date: I don't know,abstain,,
32,dates,When was Khadija bint Khuwaylid born?,6th century (reference precision: century),Date: 573 AD,correct,century,the year cannot be verified against a century reference (traditionally born c. 555)
33,locations,Where is Festival on Wheels located?,1) Turkey  2) Western Asia  3) Southeastern Europe,Location: United States,wrong,,
34,locations,Where did Robert F. Kennedy die?,1) Los Angeles  2) California  3) United States of America,Location: Los Angeles,correct,1,
35,dates,When was Timur born?,"April 16, 1336 (reference precision: day)",Date: I don't know,abstain,,
36,locations,"Where is the headquarter of Scarab Productions, Inc.?",1) Los Angeles  2) California  3) United States of America,Location: Los Angeles,correct,1,
37,dates,When did Emperor Wu of Han die?,"March 27, 87 BCE (reference precision: day)",Date: 238 AD,wrong,,
38,locations,Where is Battle of Lake Poyang located?,1) Poyang Lake  2) Jiangxi Province  3) China,"Location: Jiangxi Province, China",correct,2,
39,locations,Where is the headquarter of Tokyopop?,1) Los Angeles  2) California  3) United States of America,Location: I don't know,abstain,,
40,locations,Where did Damad Halil Pasha die?,1) Istanbul  2) Turkey  3) Asia,"Location: Istanbul, Turkey",correct,1,
41,dates,When did Louis the Pious die?,"June 28, 840 (reference precision: day)",Date: 814,wrong,,
42,locations,Where did Pigneau de Behaine die?,1) Cochinchina  2) Vietnam  3) Asia,Location: I don't know,abstain,,
43,locations,Where is the headquarter of 10th Division?,1) Nagoya  2) Aichi Prefecture  3) Japan,Location: I don't know,abstain,,
44,dates,When did Abu Bakr die?,634 (reference precision: year),Date: 632 AD,wrong,,
45,locations,Where is King Cove Airport located?,1) Alaska  2) United States of America,"Location: King Cove, Alaska",correct,1,"King Cove is the Alaskan town the airport serves: finer than the reference, credited at Alaska"
46,locations,Where is 17th European Film Awards located?,1) Barcelona  2) Catalonia  3) Spain,"Location: Cannes, France",wrong,,
47,dates,When was Billy Graham born?,"November 7, 1918 (reference precision: day)","Date: November 7, 1918",correct,day,
48,dates,When was Khadija bint Khuwaylid born?,6th century (reference precision: century),Date: 573 CE,correct,century,the year cannot be verified against a century reference (traditionally born c. 555)
49,dates,When was Yohannes IV born?,"July 11, 1837 (reference precision: day)",Date: 18th century,wrong,,1837 is in the 19th century
50,locations,Where did José Patricio Guggiari die?,1) Buenos Aires  2) Argentina  3) South America,"Location: Buenos Aires, Argentina",correct,1,
51,locations,Where is Lok Wah Estate located?,1) Kwun Tong District  2) Hong Kong,Location: Hong Kong,correct,2,
52,dates,When did Xuanzang die?,664 (reference precision: year),Date: 763,wrong,,
53,locations,Where is Wadi Yaroun located?,1) Ain Ebel  2) Lebanon,Location: Jordan,wrong,,
54,dates,When did John Muir die?,"December 24, 1914 (reference precision: day)",Date: I don't know,abstain,,
55,dates,When did Robert Burns die?,1796 (reference precision: year),Date: 21 January,wrong,,"no year, and the day and month are false (he died on 21 July)"
56,locations,Where is the headquarter of Danubio F.C.?,1) Montevideo  2) Uruguay  3) South America,Location: Budapest,wrong,,
57,locations,Where is the headquarter of Uganda Revenue Authority SC?,"1) Kampala  2) Central Region, Uganda  3) Uganda",Location: Kampala,correct,1,
58,dates,When did Pyrrhus of Epirus die?,272 BCE (reference precision: year),Date: 304 BC,wrong,,reference is astronomical (-271 = 272 BC); 304 BC is wrong either way
59,dates,When was Michael Jackson born?,"August 29, 1958 (reference precision: day)",Date: I don't know,abstain,,
60,dates,When did Fela Kuti die?,"August 2, 1997 (reference precision: day)",Date: 2 July 1987,wrong,,
61,locations,Where did Ramón Monzant die?,1) Maracaibo  2) Zulia State  3) Venezuela,Location: Mexico,wrong,,
62,dates,When was Louis the Pious born?,"April 24, 778 (reference precision: day)",Date: 742,wrong,,
63,dates,When was Yohannes IV born?,"July 11, 1837 (reference precision: day)",Date: I don't know,abstain,,
64,locations,Where did Zhang Zongchang die?,1) Shandong  2) China  3) Asia,"Location: Beijing, China",wrong,,
65,locations,Where is the headquarter of Mitsui Group?,1) Tokyo  2) Japan  3) Asia,"Location: Tokyo, Japan",correct,1,
66,dates,When did Benjamin Disraeli die?,1881 (reference precision: year),Date: 1881,correct,year,
67,locations,Where was Bruno Carvalho born?,1) Rio de Janeiro  2) Brazil  3) South America,Location: Portugal,wrong,,
68,locations,Where did Jacqueline Piatigorsky die?,1) Los Angeles  2) California  3) United States of America,Location: Los Angeles,correct,1,
69,dates,When was Chanakya born?,375 BCE (reference precision: year),Date: 4th century BCE,correct,century,
70,locations,Where is Battle of Lake Poyang located?,1) Poyang Lake  2) Jiangxi Province  3) China,Location: China,correct,3,
71,dates,When did Ibn Saud die?,"November 9, 1953 (reference precision: day)",Date: 5 January 1953,wrong,,
72,dates,When was John Muir born?,"April 21, 1838 (reference precision: day)","Date: April 21, 1838",correct,day,
73,dates,When did Charles the Fat die?,"January 13, 888 (reference precision: day)",Date: 888,correct,year,
74,locations,Where is North Fork Little Snake River located?,1) Colorado  2) United States of America,Location: Colorado,correct,1,
75,dates,When did Ānanda die?,5th century BCE (reference precision: century),Date: 294 AD,wrong,,
76,dates,When was Charles the Fat born?,832 (reference precision: year),Date: 750-840,wrong,,the range contains 832 but has no level on the date ladder
77,locations,Where is Wila Umani located?,1) La Paz Department  2) Bolivia  3) South America,Location: I don't know,abstain,,
78,locations,Where did Pigneau de Behaine die?,1) Cochinchina  2) Vietnam  3) Asia,"Location: Paris, France",wrong,,
79,locations,Where was Álvaro Enrique Peña born?,1) Montevideo  2) Uruguay  3) South America,Location: Mexico,wrong,,
80,dates,When was Otto the Great born?,"November 28, 912 (reference precision: day)",Date: 742,wrong,,
81,locations,Where was Hu Huanyong born?,1) Yixing  2) Jiangsu  3) China,Location: China,correct,3,
82,dates,When was Al-Farabi born?,872 (reference precision: year),Date: 875-950,wrong,,the range excludes 872
83,locations,Where was Valdir Espinosa born?,1) Porto Alegre  2) Rio Grande do Sul  3) Brazil,Location: Brazil,correct,3,
84,dates,When did Michael Jackson die?,"June 25, 2009 (reference precision: day)","Date: June 25, 2009",correct,day,
85,locations,Where is the headquarter of Mitsui Group?,1) Tokyo  2) Japan  3) Asia,Location: Tokyo,correct,1,
86,dates,When was Mark Antony born?,83 BCE (reference precision: year),Date: 1st century BCE,correct,century,
87,dates,When did Xuanzang die?,664 (reference precision: year),Date: 664,correct,year,
88,locations,Where was Li Yim Lam born?,1) Hong Kong  2) China,Location: I don't know,abstain,,
89,dates,When was Robert Burns born?,"January 25, 1759 (reference precision: day)",Date: 25 January,wrong,,true day and month but no year: no level on the date ladder
90,dates,When did Wang Xizhi die?,361 (reference precision: year),Date: 353-406,wrong,,the range contains 361 but has no level on the date ladder
91,locations,Where is the headquarter of MySocialCloud?,1) Los Angeles  2) California  3) United States of America,Location: United States,correct,3,
92,dates,When did Henry James die?,1916 (reference precision: year),"Date: February 28, 1916",correct,year,the day cannot be verified against a year-only reference (it is historically correct)
93,dates,When did Joseph Stalin die?,"March 5, 1953 (reference precision: day)","Date: March 5, 1953",correct,day,
94,dates,When was Machado de Assis born?,1839 (reference precision: year),Date: 1839,correct,year,
95,dates,When was Ali Abdullah Saleh born?,"March 21, 1947 (reference precision: day)",Date: 1942,wrong,,
96,dates,When was Roman Polanski born?,"August 18, 1933 (reference precision: day)",Date: 1933,correct,year,
97,locations,Where is Battle of Sinop located?,1) Sinop  2) Brazil  3) South America,Location: Black Sea,wrong,,"the reference looks wrong: the 1853 Battle of Sinop was at Sinop, Turkey, on the Black Sea; judged against the reference as given"
98,dates,When did Helen Keller die?,"June 1, 1968 (reference precision: day)","Date: June 1, 1968",correct,day,
99,dates,When was Jabir ibn Hayyan born?,721 (reference precision: year),Date: 721,correct,year,
100,locations,Where is the headquarter of Pangang Group Vanadium Titanium & Resources?,1) Panzhihua  2) Sichuan  3) China,"Location: Tangshan, Hebei, China",wrong,,
101,dates,When did Clement Attlee die?,"October 8, 1967 (reference precision: day)",Date: 1975,wrong,,
102,dates,When did Kūkai die?,"April 26, 835 (reference precision: day)",Date: 835,correct,year,
103,dates,When did Julius Caesar die?,44 BCE (reference precision: year),Date: 44 BC,correct,year,reference is astronomical (-43 = 44 BC); 44 BC is historically correct
104,locations,"Where is Rocky Mount, Tennessee located?",1) Tennessee  2) United States of America,Location: North Carolina,wrong,,
105,locations,Where is Las Palmas de Gran Canaria International Film Festival located?,1) Las Palmas de Gran Canaria  2) Canary Islands  3) Spain,"Location: Las Palmas de Gran Canaria, Spain",correct,1,
106,locations,"Where is Inka Tampu, Cajamarca located?",1) Cajamarca  2) Peru,"Location: Cajamarca, Peru",correct,1,
107,dates,When was Edward Drinker Cope born?,"July 28, 1840 (reference precision: day)",Date: I don't know,abstain,,
108,locations,Where is Cahuac District located?,1) Yarowilca Province  2) Huánuco Region  3) Peru,Location: I don't know,abstain,,
109,dates,When was Domitian born?,51 (reference precision: year),Date: 8,wrong,,
110,dates,When did Premchand die?,"October 8, 1936 (reference precision: day)",Date: 1980,wrong,,
111,locations,Where did Li Dazhao die?,1) Beijing  2) China  3) Asia,"Location: Beijing, China",correct,1,
112,locations,Where was Sixx:A.M. founded?,1) Los Angeles  2) California  3) United States of America,Location: Location: Los Angeles,correct,1,marker doubled
113,dates,When did Chiang Kai-shek die?,"April 5, 1975 (reference precision: day)",Date: 1975,correct,year,
114,dates,When did Benjamin Disraeli die?,1881 (reference precision: year),Date: 19 June 1881,correct,year,"the day cannot be verified against a year-only reference (historically 19 April, so the month is wrong)"
115,locations,Where is Commune of Ruyigi located?,1) Ruyigi Province  2) Burundi,Location: Burundi,correct,2,
116,locations,Where is the headquarter of AzMeCo?,1) Azerbaijan  2) Eastern Europe  3) Caucasus,Location: Brazil,wrong,,
117,dates,When did John Lennon die?,"December 8, 1980 (reference precision: day)",Date: 1980s,correct,decade,
118,dates,When did Gregory of Nyssa die?,395 (reference precision: year),Date: I don't know,abstain,,
119,locations,Where is Shriekfest located?,1) Los Angeles  2) California  3) United States of America,Location: I don't know,abstain,,
120,locations,Where did Ottokar Tumlirz die?,1) Innsbruck  2) Tyrol  3) Austria,Location: I don't know,abstain,,
121,dates,When was Mikhail Lomonosov born?,"November 19, 1711 (reference precision: day)",Date: 1711,correct,year,
122,locations,Where is 2015 World Championships in Athletics located?,"1) Beijing National Stadium  2) Beijing, China  3) China","Location: Doha, Qatar",wrong,,
123,dates,When did Ted Turner die?,"May 6, 2026 (reference precision: day)",Date: I don't know,abstain,,
124,locations,Where was Hu Huanyong born?,1) Yixing  2) Jiangsu  3) China,"Location: Zhejiang Province, China",wrong,,Yixing is in Jiangsu
125,dates,When did Xenophon die?,354 BCE (reference precision: year),Date: 26 November 354 BC,correct,year,reference is astronomical (-353 = 354 BC); the day cannot be verified
126,dates,When did Albert Einstein die?,"April 18, 1955 (reference precision: day)","Date: April 18, 1955",correct,day,
127,dates,When was Abu Bakr born?,572 (reference precision: year),Date: I don't know,abstain,,
128,dates,When did George C. Marshall die?,"October 16, 1959 (reference precision: day)",Date: 16 March 1959,wrong,,
129,dates,When did Theodosius I die?,"January 18, 395 (reference precision: day)",Date: 395,correct,year,
130,locations,Where is the headquarter of Tsingtao Brewery?,1) Qingdao  2) Shandong  3) China,Location: Qingdao,correct,1,
131,locations,Where is Mahora located?,1) Albacete Province  2) Castile-La Mancha  3) Spain,Location: I don't know,abstain,,
132,dates,When was Jerome born?,347 (reference precision: year),Date: I don't know,abstain,,
133,locations,Where did Pigneau de Behaine die?,1) Cochinchina  2) Vietnam  3) Asia,Location: India,wrong,,
134,locations,Where was Sixx:A.M. founded?,1) Los Angeles  2) California  3) United States of America,"Location: Los Angeles, California",correct,1,
135,dates,When did Johann Gottlieb Fichte die?,"January 27, 1814 (reference precision: day)",Date: 1814,correct,year,
136,locations,Where is the headquarter of Tokyopop?,1) Los Angeles  2) California  3) United States of America,"Location: Tokyo, Japan",wrong,,
137,locations,Where is the headquarter of Montafonerbahn AG?,1) Schruns  2) Bludenz District  3) Vorarlberg  4) Austria,Location: Switzerland,wrong,,
138,locations,Where did Rafael Dieste die?,1) Santiago de Compostela  2) Galicia  3) Spain,Location: Location: Spain,correct,3,marker doubled
139,locations,Where is Battle of Musa Qala located?,1) Musa Qala  2) Helmand Province  3) Afghanistan,Location: I don't know,abstain,,
140,locations,Where was Xian Yi Fang born?,1) Baoding  2) Hebei Province  3) China,Location: I don't know,abstain,,
141,dates,When was Charles the Fat born?,832 (reference precision: year),Date: 750-814,wrong,,the range excludes 832
142,dates,When was Karl Pearson born?,"March 27, 1857 (reference precision: day)",Date: 1857,correct,year,
143,dates,When was Emperor Gaozu of Han born?,256 BCE (reference precision: year),Date: 206 BC,wrong,,
144,locations,Where is Battle of Carthage (149 BCE) located?,1) Carthage  2) Tunisia  3) Africa,Location: I don't know,abstain,,
145,dates,When was Marquis de Sade born?,"June 2, 1740 (reference precision: day)",Date: 1742,wrong,,
146,dates,When did Yu the Great die?,2025 BCE (reference precision: year),Date: 249 BC,wrong,,
147,locations,Where did Li Dazhao die?,1) Beijing  2) China  3) Asia,Location: Beijing,correct,1,
148,dates,When was Julius Caesar born?,"July 11, 100 BCE (reference precision: day)",Date: 15 April,wrong,,"no year, and the day and month are false (born in July)"
149,dates,When was Abu Bakr born?,572 (reference precision: year),Date: 572 AD,correct,year,
150,locations,Where was Jhené Aiko born?,1) Los Angeles  2) California  3) United States of America,Location: United States,correct,3,
151,locations,Where is Pereruela located?,1) Zamora Province  2) Castile and León  3) Spain,Location: I don't know,abstain,,
152,dates,When was Michelangelo Antonioni born?,"September 29, 1912 (reference precision: day)",Date: I don't know,abstain,,
153,dates,When did Josip Broz Tito die?,"May 4, 1980 (reference precision: day)",Date: 1980,correct,year,
154,dates,When was Ludwig van Beethoven born?,1770 (reference precision: year),Date: 17 December 1770,correct,year,the day cannot be verified against a year-only reference (17 December is his baptism)
155,locations,Where is Kelan County located?,1) Xinzhou  2) Shanxi  3) China,Location: China,correct,3,
156,locations,Where is Cerro Cabrillo located?,1) California  2) United States of America,"Location: California, United States",correct,1,
157,locations,Where is Speed skating at the 2012 Winter Youth Olympics – Girls' 500 metres located?,1) Eisschnellaufbahn Innsbruck  2) Innsbruck  3) Tyrol  4) Austria,"Location: Innsbruck, Austria",correct,2,
158,locations,Where is Nerima-kasugachō Station located?,1) Nerima-ku  2) Tokyo  3) Japan,"Location: Tokyo, Japan",correct,2,
159,locations,Where is the headquarter of Siirtspor?,1) Siirt Province  2) Turkey,Location: Turkey,correct,2,
160,dates,When did Emperor Wu of Han die?,"March 27, 87 BCE (reference precision: day)",Date: 139 BCE,wrong,,139 BC is not his death year
161,dates,When was Franz Boas born?,"July 9, 1858 (reference precision: day)",Date: I don't know,abstain,,
162,dates,When was Xuanzang born?,602 (reference precision: year),Date: 602,correct,year,
