qid,question,gold_specific,hierarchy,raw_answer,meta_raw,said_yes,is_idk,matched_to,level_idx,level_value,underlying_correct
6626,Where is St. Patrick's Catholic Church located?,Ohio,"['Ohio', 'United States of America']",IDK,No,False,True,,,,False
6985,Where is Maguilla located?,Badajoz Province,"['Badajoz Province', 'Extremadura', 'Spain']",IDK,No,False,True,,,,False
6931,Where is Polling in Tirol located?,Innsbruck-Land District,"['Innsbruck-Land District', 'Tyrol', 'Austria']",IDK,No,False,True,,,,True
6597,Where is Toraya District located?,Aymaraes Province,"['Aymaraes Province', 'Apurímac', 'Peru']",IDK,No,False,True,,,,False
6362,Where is Robleda-Cervantes located?,Zamora Province,"['Zamora Province', 'Castile and León', 'Spain']",IDK,No,False,True,,,,False
6251,Where is Wila Umani located?,La Paz Department,"['La Paz Department', 'Bolivia', 'South America']",IDK,No,False,True,,,,False
6151,Where is Gitega Province located?,Burundi,"['Burundi', 'Africa']",IDK,No,False,True,,,,True
6175,Where is Du'an Yao Autonomous County located?,Hechi,"['Hechi', 'Guangxi', 'China']","Du'an Yao Autonomous County is located in the western part of Sichuan Province, China. It borders Chongqing Municipality to the west and southwest,",Yes,True,False,China,2.0,4.0,True
6239,Where is North Fork Little Snake River located?,Colorado,"['Colorado', 'United States of America']",IDK,No,False,True,,,,False
6594,Where is Commune of Ruyigi located?,Ruyigi Province,"['Ruyigi Province', 'Burundi']",IDK,No,False,True,,,,False
6711,Where is El Bruc located?,Anoia,"['Anoia', 'Catalonia', 'Spain']",IDK,No,False,True,,,,True
6926,Where is Kelan County located?,Xinzhou,"['Xinzhou', 'Shanxi', 'China']",IDK,No,False,True,,,,False
6113,Where is Lok Wah Estate located?,Kwun Tong District,"['Kwun Tong District', 'Hong Kong']",IDK,No,False,True,,,,False
6807,Where is Bur Salah located?,Mudug,"['Mudug', 'Somalia', 'Africa']",IDK,No,False,True,,,,False
6974,Where is Acty Shiodome located?,Tokyo,"['Tokyo', 'Japan', 'Asia']",IDK,No,False,True,,,,False
6778,Where is Galle Face Green located?,Colombo,"['Colombo', 'Western Province, Sri Lanka', 'Sri Lanka']",IDK,No,False,True,,,,True
6178,Where is Mahyalar located?,Kozan,"['Kozan', 'Adana', 'Turkey']",IDK,No,False,True,,,,False
6959,Where is Belenalan located?,Akseki,"['Akseki', 'Antalya', 'Turkey']",IDK,No,False,True,,,,False
6919,Where is Conceição do Almeida located?,Bahia,"['Bahia', 'Northeast Region, Brazil', 'Brazil']",IDK,No,False,True,,,,True
6551,Where is Jiucheng located?,"Luxi County, Yunnan","['Luxi County, Yunnan', 'Yunnan', 'China']",IDK,No,False,True,,,,True
6117,Where is Ploscoș located?,Cluj County,"['Cluj County', 'Romania']",IDK,No.,False,True,,,,False
6519,Where is Arnreit located?,Rohrbach District,"['Rohrbach District', 'Upper Austria', 'Austria']",IDK,No,False,True,,,,False
6192,"Where is Gateway College, Sri Lanka located?",Colombo,"['Colombo', 'Western Province, Sri Lanka', 'Sri Lanka']",IDK,No,False,True,,,,True
6524,Where is Aliança located?,Pernambuco,"['Pernambuco', 'Northeast Region, Brazil', 'Brazil']",IDK,No,False,True,,,,False
6692,Where is Pereruela located?,Zamora Province,"['Zamora Province', 'Castile and León', 'Spain']",IDK,No,False,True,,,,True
6717,"Where is Rocky Mount, Tennessee located?",Tennessee,"['Tennessee', 'United States of America']","Rocky Mount, Tennessee is located in the state of North Carolina. It is situated along the Roanoke River and is part of the Tri-Cities metropolitan",Yes,True,False,Tennessee,0.0,1.0,True
6769,Where is Whenuakura River located?,Taranaki Region,"['Taranaki Region', 'North Island', 'New Zealand']",IDK,No,False,True,,,,True
6978,Where is Santana High School located?,Santee,"['Santee', 'San Diego County', 'California', 'United States of America']",IDK,No,False,True,,,,False
6250,Where is Longtian located?,Xingning,"['Xingning', 'Huangshan', 'Anhui', 'China']",IDK,No,False,True,,,,False
6109,Where is Cerro Cabrillo located?,California,"['California', 'United States of America']",IDK,No,False,True,,,,True
6652,Where is Pasadena City College located?,Pasadena,"['Pasadena', 'Los Angeles County', 'California', 'United States of America']","Pasadena City College is located in Pasadena, California.",Yes,True,False,Pasadena,0.0,1.0,True
6902,Where is Mahora located?,Albacete Province,"['Albacete Province', 'Castile-La Mancha', 'Spain']",IDK,No,False,True,,,,False
6860,Where is King Cove Airport located?,Alaska,"['Alaska', 'United States of America']","King Cove Airport is located in King Cove, Alaska, United States. It serves the community of King Cove on the Boothbay Peninsula. The airport is part of",Yes,True,False,Alaska,0.0,1.0,True
6338,"Where is Wenceslau Braz, Minas Gerais located?",Minas Gerais,"['Minas Gerais', 'Southeast Region, Brazil', 'Brazil']",IDK,No,False,True,,,,True
6677,Where is Figueres railway station located?,Figueres,"['Figueres', 'Catalonia', 'Spain']",IDK,No,False,True,,,,True
6276,Where is Sai located?,Shimokita District,"['Shimokita District', 'Aomori Prefecture', 'Japan']",IDK,No,False,True,,,,False
6874,Where is Məhəmmədli located?,Imishli District,"['Imishli District', 'Azerbaijan']",IDK,No,False,True,,,,False
6571,Where is Urubamba District located?,Urubamba Province,"['Urubamba Province', 'Cusco', 'Peru']",IDK,No,False,True,,,,False
6627,Where is Makamba located?,Makamba Province,"['Makamba Province', 'Burundi', 'Africa']",IDK,No,False,True,,,,False
6272,Where is Mazhang District located?,Zhanjiang,"['Zhanjiang', 'Guangdong', 'China']",IDK,No,False,True,,,,True
6774,Where is Miyamura Station located?,Miyazu,"['Miyazu', 'Kyoto Prefecture', 'Japan']",IDK,No,False,True,,,,True
6644,Where is Wadi Yaroun located?,Ain Ebel,"['Ain Ebel', 'Lebanon']",IDK,No,False,True,,,,True
6441,Where is Olombrada located?,Segovia Province,"['Segovia Province', 'Castile and León', 'Spain']",IDK,No,False,True,,,,False
6159,Where is Kissousa located?,Limassol District,"['Limassol District', 'Republic of Cyprus']",IDK,No,False,True,,,,False
6722,Where is Treaty of Seville located?,Seville,"['Seville', 'Andalusia', 'Spain']",IDK,No,False,True,,,,True
6403,Where is 228 Peace Memorial Park located?,Taipei,"['Taipei', 'Taiwan', 'East Asia']",IDK,No,False,True,,,,False
6666,Where is Afghanistan Football Federation stadium located?,Kabul,"['Kabul', 'Afghanistan', 'Asia']",IDK,No,False,True,,,,True
6467,Where is Port Said Stadium located?,Port Said,"['Port Said', 'Egypt', 'Africa']",IDK,No,False,True,,,,True
6227,Where is Fındıqlı located?,Azerbaijan,"['Azerbaijan', 'Eastern Europe', 'Caucasus']",IDK,No,False,True,,,,False
6420,Where is Postal River located?,West Coast Region,"['West Coast Region', 'South Island', 'New Zealand']",IDK,No,False,True,,,,False
6749,Where is California State Route 166 located?,California,"['California', 'United States of America']",IDK,No,False,True,,,,True
6264,Where is Huancavelica located?,Peru,"['Peru', 'South America']",IDK,No,False,True,,,,True
6938,Where is Cahuac District located?,Yarowilca Province,"['Yarowilca Province', 'Huánuco Region', 'Peru']",IDK,No,False,True,,,,False
6907,Where is Castillo de Bujalance located?,Bujalance,"['Bujalance', 'Córdoba', 'Andalusia', 'Spain']",IDK,No,False,True,,,,True
6466,Where is Mount Hasan located?,Aksaray Province,"['Aksaray Province', 'Turkey']",IDK,No,False,True,,,,False
6209,Where is Rebollar located?,Soria,"['Soria', 'Castile and León', 'Spain']",IDK,No,False,True,,,,False
6437,Where is Brumado located?,Bahia,"['Bahia', 'Northeast Region, Brazil', 'Brazil']",IDK,No,False,True,,,,True
6464,Where is Kalbajar District located?,Azerbaijan,"['Azerbaijan', 'Caucasus', 'Eastern Europe']",IDK,No,False,True,,,,True
6541,Where is Sankt Koloman located?,Hallein District,"['Hallein District', 'Salzburg', 'Austria']",IDK,No,False,True,,,,True
6932,Where is Hofkirchen im Mühlkreis located?,Rohrbach District,"['Rohrbach District', 'Upper Austria', 'Austria']",IDK,No,False,True,,,,False
6330,Where is Nerima-kasugachō Station located?,Nerima-ku,"['Nerima-ku', 'Tokyo', 'Japan']",IDK,No,False,True,,,,True
