qid,answer,is_idk,parsed,parsed_level,lenient_level,strict_level
Q83410_birth,1904,False,1904,YEAR,YEAR,YEAR
Q83410_death,1986,False,1986,YEAR,YEAR,YEAR
Q104049_birth,1927,False,1927,YEAR,YEAR,YEAR
Q104049_death,2023,False,2023,YEAR,EARLYMIDDECADE,
Q2685_birth,1947,False,1947,YEAR,YEAR,YEAR
Q100937_birth,1900s,False,1900s,DECADE,,
Q100937_death,1988,False,1988,YEAR,EARLYMIDDECADE,
Q313256_birth,1929,False,1929,YEAR,EARLYMIDDECADE,
Q313256_death,2016,False,2016,YEAR,,
Q5597_birth,1483,False,1483,YEAR,YEAR,YEAR
Q5597_death,1520s,False,1520s,DECADE,DECADE,DECADE
Q203643_birth,1834,False,1834,YEAR,YEAR,YEAR
Q203643_death,1931,False,1931,YEAR,EARLYMIDCENTURY,
Q41406_birth,1863,False,1863,YEAR,YEAR,YEAR
Q41406_death,1944,False,1944,YEAR,YEAR,YEAR
Q44007_birth,1870s,False,1870s,DECADE,DECADE,DECADE
Q44007_death,1940s,False,1940s,DECADE,DECADE,DECADE
Q44054_birth,1880s,False,1880s,DECADE,DECADE,DECADE
Q44054_death,1916,False,1916,YEAR,YEAR,YEAR
Q203401_birth,1902,False,1902,YEAR,,
Q203401_death,1967,False,1967,YEAR,YEAR,YEAR
Q7836_birth,1908,False,1908,YEAR,,
Q7836_death,1967,False,1967,YEAR,YEAR,YEAR
Q272566_birth,1870s,False,1870s,DECADE,DECADE,DECADE
Q272566_death,1920s,False,1920s,DECADE,,
Q271884_birth,1902,False,1902,YEAR,,
Q271884_death,1965,False,1965,YEAR,CENTURY,
Q309850_birth,1904,False,1904,YEAR,EARLYMIDCENTURY,
Q309850_death,2005,False,2005,YEAR,YEAR,YEAR
Q37562_birth,1348,False,1348,YEAR,CENTURY,
Q37562_death,1466,False,1466,YEAR,YEAR,YEAR
Q160538_birth,1598,False,1598,YEAR,YEAR,YEAR
Q160538_death,1642,False,1642,YEAR,CENTURY,
Q182046_birth,1404,False,1404,YEAR,YEAR,YEAR
Q182046_death,1472,False,1472,YEAR,YEAR,YEAR
Q5600_birth,1489,False,1489,YEAR,EARLYMIDCENTURY,
Q5600_death,1545,False,1545,YEAR,CENTURY,
Q82840_birth,1898,False,1898,YEAR,YEAR,YEAR
Q82840_death,1976,False,1976,YEAR,YEAR,YEAR
Q364187_birth,1822,False,1822,YEAR,YEAR,YEAR
Q364187_death,1903,False,1903,YEAR,YEAR,YEAR
Q378564_birth,23rd century,False,23rd century,CENTURY,,
Q378564_death,549,False,,,,
Q172048_birth,1925,False,1925,YEAR,,
Q172048_death,1954,False,1954,YEAR,,
Q312551_birth,1490s,False,1490s,DECADE,,
Q312551_death,1621,False,1621,YEAR,,
Q590_birth,1524,False,1524,YEAR,YEAR,YEAR
Q590_death,1580,False,1580,YEAR,YEAR,YEAR
Q128460_birth,1628,False,1628,YEAR,YEAR,YEAR
Q128460_death,1690s,False,1690s,DECADE,,
Q123867_birth,1740s,False,1740s,DECADE,DECADE,DECADE
Q123867_death,1781,False,1781,YEAR,,
Q42544_birth,1478,False,1478,YEAR,YEAR,YEAR
Q42544_death,1535,False,1535,YEAR,YEAR,YEAR
Q193857_birth,1572,False,1572,YEAR,YEAR,YEAR
Q193857_death,1637,False,1637,YEAR,YEAR,YEAR
Q40946_birth,1660s,False,1660s,DECADE,DECADE,DECADE
Q40946_death,1731,False,1731,YEAR,YEAR,YEAR
Q81960_birth,1759,False,1759,YEAR,YEAR,YEAR
Q81960_death,1784,False,1784,YEAR,EARLYMIDCENTURY,
Q44593_birth,1932,False,1932,YEAR,YEAR,YEAR
Q44593_death,2018,False,2018,YEAR,YEAR,YEAR
Q152513_birth,1836,False,1836,YEAR,CENTURY,
Q152513_death,1882,False,1882,YEAR,YEAR,YEAR
Q170509_birth,1843,False,1843,YEAR,YEAR,YEAR
Q170509_death,1916,False,1916,YEAR,YEAR,YEAR
Q23434_birth,1896,False,1896,YEAR,DECADE,
Q23434_death,1961,False,1961,YEAR,YEAR,YEAR
Q80596_birth,1915,False,1915,YEAR,YEAR,YEAR
Q80596_death,2005,False,2005,YEAR,YEAR,YEAR
Q133054_birth,1932,False,1932,YEAR,YEAR,YEAR
Q133054_death,1963,False,1963,YEAR,YEAR,YEAR
Q311145_birth,1839,False,1839,YEAR,YEAR,YEAR
Q311145_death,1908,False,1908,YEAR,YEAR,YEAR
Q216466_birth,1904,False,1904,YEAR,YEAR,YEAR
Q216466_death,1963,False,1963,YEAR,CENTURY,
Q484141_birth,1875,False,1875,YEAR,DECADE,
Q484141_death,1938,False,1938,YEAR,YEAR,YEAR
Q174152_birth,1869,False,1869,YEAR,EARLYMIDCENTURY,
Q174152_death,1936,False,1936,YEAR,YEAR,YEAR
Q241248_birth,1952,False,1952,YEAR,YEAR,YEAR
Q79822_birth,1798,False,1798,YEAR,YEAR,YEAR
Q79822_death,1905,False,1905,YEAR,,
Q5685_birth,1860s,False,1860s,DECADE,DECADE,DECADE
Q5685_death,1904,False,1904,YEAR,YEAR,YEAR
Q36591_birth,1903,False,1903,YEAR,,
Q36591_death,1940s,False,1940s,DECADE,CENTURY,
Q1403_birth,1924,False,1924,YEAR,,
Q1403_death,1936,False,1936,YEAR,YEAR,YEAR
Q37060_birth,1922,False,1922,YEAR,YEAR,YEAR
Q37060_death,2010,False,2010,YEAR,YEAR,YEAR
Q33977_birth,1828,False,1828,YEAR,YEAR,YEAR
Q33977_death,1905,False,1905,YEAR,YEAR,YEAR
Q55767_birth,1920s,False,1920s,DECADE,EARLYMIDCENTURY,
Q55767_death,2012,False,2012,YEAR,EARLYMIDCENTURY,
Q45546_birth,1770s,False,1770s,DECADE,DECADE,DECADE
Q45546_death,1905,False,1905,YEAR,,
Q47152_birth,1815,False,1815,YEAR,,
Q47152_death,1948,False,1948,YEAR,,
Q131333_birth,1819,False,1819,YEAR,YEAR,YEAR
Q131333_death,1908,False,1908,YEAR,,
Q1512_birth,1870s,False,1870s,DECADE,CENTURY,
Q1512_death,1921,False,1921,YEAR,,
Q19185_birth,1856,False,1856,YEAR,YEAR,YEAR
Q19185_death,1950,False,1950,YEAR,YEAR,YEAR
Q35610_birth,1859,False,1859,YEAR,YEAR,YEAR
Q35610_death,1936,False,1936,YEAR,DECADE,
Q6882_birth,1882,False,1882,YEAR,YEAR,YEAR
Q6882_death,1941,False,1941,YEAR,YEAR,YEAR
Q274334_birth,1948,False,1948,YEAR,YEAR,YEAR
Q179277_birth,1525,False,1525,YEAR,YEAR,YEAR
Q179277_death,1637,False,1637,YEAR,,
Q7349_birth,1732,False,1732,YEAR,YEAR,YEAR
Q7349_death,1809,False,1809,YEAR,YEAR,YEAR
Q255_birth,1794,False,1794,YEAR,EARLYMIDCENTURY,
Q255_death,1827,False,1827,YEAR,YEAR,YEAR
Q46096_birth,1809,False,1809,YEAR,YEAR,YEAR
Q46096_death,1874,False,1874,YEAR,CENTURY,
Q1268_birth,1830s,False,1830s,DECADE,CENTURY,
Q1268_death,19th century,False,19th century,CENTURY,CENTURY,CENTURY
Q104919_birth,1845,False,1845,YEAR,YEAR,YEAR
Q104919_death,1924,False,1924,YEAR,YEAR,YEAR
Q45682_birth,1865,False,1865,YEAR,YEAR,YEAR
Q45682_death,1957,False,1957,YEAR,YEAR,YEAR
Q154770_birth,1874,False,1874,YEAR,YEAR,YEAR
Q154770_death,1951,False,1951,YEAR,YEAR,YEAR
Q156193_birth,1925,False,1925,YEAR,YEAR,YEAR
Q156193_death,2007,False,2007,YEAR,EARLYMIDCENTURY,
Q152043_birth,1927,False,1927,YEAR,YEAR,YEAR
Q152043_death,2007,False,2007,YEAR,YEAR,YEAR
Q2044389_birth,1854,False,1854,YEAR,,
Q2044389_death,1924,False,1924,YEAR,,
Q1771067_birth,1823,False,1823,YEAR,,
Q1771067_death,1925,False,1925,YEAR,,
Q44122_birth,1910s,False,1910s,DECADE,DECADE,DECADE
Q44122_death,1935,False,1935,YEAR,EARLYMIDCENTURY,
Q200131_birth,1927,False,1927,YEAR,YEAR,YEAR
Q200131_death,2002,False,2002,YEAR,,
Q2831_birth,1958,False,1958,YEAR,YEAR,YEAR
Q2831_death,2009,False,2009,YEAR,YEAR,YEAR
Q172505_birth,1921,False,1921,YEAR,YEAR,YEAR
Q172505_death,2020,False,2020,YEAR,,
Q512_birth,1924,False,1924,YEAR,CENTURY,
Q512_death,1962,False,1962,YEAR,CENTURY,
Q188969_birth,1925,False,1925,YEAR,YEAR,YEAR
Q188969_death,2015,False,2015,YEAR,YEAR,YEAR
Q544387_birth,1934,False,1934,YEAR,DECADE,
Q544387_death,2004,False,2004,YEAR,YEAR,YEAR
Q313868_birth,1938,False,1938,YEAR,YEAR,YEAR
Q313868_death,2002,False,2002,YEAR,,
Q125121_birth,1942,False,1942,YEAR,YEAR,YEAR
Q125121_death,2018,False,2018,YEAR,YEAR,YEAR
Q4061_birth,1912,False,1912,YEAR,YEAR,YEAR
Q4061_death,1967,False,1967,YEAR,YEAR,YEAR
Q5608_birth,1972,False,1972,YEAR,YEAR,YEAR
Q128746_birth,1895,False,1895,YEAR,EARLYMIDCENTURY,
Q128746_death,1989,False,1989,YEAR,YEAR,YEAR
Q5921_birth,1935,False,1935,YEAR,CENTURY,
Q5921_death,2018,False,2018,YEAR,EARLYMIDDECADE,
Q1203_birth,1940s,False,1940s,DECADE,DECADE,DECADE
Q1203_death,1980s,False,1980s,DECADE,DECADE,DECADE
Q1514_birth,1943,False,1943,YEAR,YEAR,YEAR
Q1514_death,1970s,False,1970s,DECADE,DECADE,DECADE
Q55431_birth,1954,False,1954,YEAR,DECADE,
Q51552_birth,1933,False,1933,YEAR,YEAR,YEAR
Q44131_birth,1942,False,1942,YEAR,YEAR,YEAR
Q152272_birth,1861,False,1861,YEAR,YEAR,YEAR
Q152272_death,1938,False,1938,YEAR,YEAR,YEAR
Q50713_birth,1894,False,1894,YEAR,YEAR,YEAR
Q50713_death,1979,False,1979,YEAR,YEAR,YEAR
Q229990_birth,1928,False,1928,YEAR,YEAR,YEAR
Q229990_death,2019,False,2019,YEAR,YEAR,YEAR
Q55433_birth,1912,False,1912,YEAR,YEAR,YEAR
Q55433_death,2007,False,2007,YEAR,YEAR,YEAR
Q7374_birth,1899,False,1899,YEAR,YEAR,YEAR
Q7374_death,1980,False,1980,YEAR,YEAR,YEAR
Q72267_birth,1881,False,1881,YEAR,YEAR,YEAR
Q72267_death,1954,False,1954,YEAR,DECADE,
Q72614_birth,1905,False,1905,YEAR,,
Q72614_death,1965,False,1965,YEAR,CENTURY,
Q57423_birth,1763,False,1763,YEAR,YEAR,YEAR
Q57423_death,1888,False,1888,YEAR,CENTURY,
Q484265_birth,1835,False,1835,YEAR,YEAR,YEAR
Q484265_death,1919,False,1919,YEAR,YEAR,YEAR
Q193368_birth,1946,False,1946,YEAR,EARLYMIDCENTURY,
Q193368_death,2020,False,2020,YEAR,DECADE,
Q19837_birth,1965,False,1965,YEAR,EARLYMIDCENTURY,
Q19837_death,2011,False,2011,YEAR,YEAR,YEAR
Q42063_birth,602,False,,,,
Q42063_death,645,False,,,,
Q47674_birth,1453,False,1453,YEAR,DECADE,
Q47674_death,15 May 1512,False,"May 15, 1512",DAY,SEASON,
Q868_birth,450s,False,450s,DECADE,,
Q868_death,323 BC,False,323 BCE,YEAR,EARLYMIDDECADE,
Q160460_birth,953,False,,,,
Q160460_death,1256,False,1256,YEAR,,
Q190089_birth,1265,False,1265,YEAR,EARLYMIDDECADE,
Q190089_death,1426,False,1426,YEAR,,
Q43499_birth,1469,False,1469,YEAR,YEAR,YEAR
Q43499_death,1536,False,1536,YEAR,YEAR,YEAR
Q37388_birth,1561,False,1561,YEAR,YEAR,YEAR
Q37388_death,1626,False,1626,YEAR,YEAR,YEAR
Q35802_birth,1632,False,1632,YEAR,YEAR,YEAR
Q35802_death,1677,False,1677,YEAR,YEAR,YEAR
Q60887_birth,1748,False,1748,YEAR,YEAR,YEAR
Q60887_death,1832,False,1832,YEAR,YEAR,YEAR
Q102585_birth,1762,False,1762,YEAR,YEAR,YEAR
Q102585_death,1836,False,1836,YEAR,CENTURY,
Q125249_birth,1842,False,1842,YEAR,YEAR,YEAR
Q125249_death,1910,False,1910,YEAR,YEAR,YEAR
Q9364_birth,1905,False,1905,YEAR,YEAR,YEAR
Q9364_death,1980,False,1980,YEAR,YEAR,YEAR
Q129772_birth,430s,False,430s,DECADE,,
Q129772_death,432,False,,,,
Q41523_birth,50s,False,50s,DECADE,DECADE,DECADE
Q41523_death,245,False,,,,
Q102323_birth,1273,False,1273,YEAR,,
Q102323_death,1241,False,1241,YEAR,YEAR,YEAR
Q27645_birth,1845,False,1845,YEAR,CENTURY,
Q27645_death,1934,False,1934,YEAR,,
Q34787_birth,1820s,False,1820s,DECADE,DECADE,DECADE
Q34787_death,1883,False,1883,YEAR,EARLYMIDCENTURY,
Q75786_birth,1850s,False,1850s,DECADE,DECADE,DECADE
Q75786_death,1962,False,1962,YEAR,CENTURY,
Q9317_birth,1901,False,1901,YEAR,,
Q9317_death,1946,False,1946,YEAR,YEAR,YEAR
Q76857_birth,1858,False,1858,YEAR,YEAR,YEAR
Q76857_death,1942,False,1942,YEAR,YEAR,YEAR
Q9387_birth,1864,False,1864,YEAR,YEAR,YEAR
Q9387_death,1920,False,1920,YEAR,YEAR,YEAR
Q13230_birth,1857,False,1857,YEAR,YEAR,YEAR
Q13230_death,1913,False,1913,YEAR,YEAR,YEAR
Q75814_birth,1832,False,1832,YEAR,YEAR,YEAR
Q75814_death,1920,False,1920,YEAR,YEAR,YEAR
Q309765_birth,1856,False,1856,YEAR,CENTURY,
Q309765_death,1949,False,1949,YEAR,YEAR,YEAR
Q78485_birth,1926,False,1926,YEAR,,
Q78485_death,1982,False,1982,YEAR,YEAR,YEAR
Q180819_birth,1896,False,1896,YEAR,YEAR,YEAR
Q180819_death,1934,False,1934,YEAR,YEAR,YEAR
Q310741_birth,1906,False,1906,YEAR,,
Q310741_death,2006,False,2006,YEAR,,
Q313931_birth,1913,False,1913,YEAR,YEAR,YEAR
Q313931_death,2007,False,2007,YEAR,YEAR,YEAR
Q310821_birth,2nd century,False,2nd century,CENTURY,,
Q310821_death,94CE,False,,,,
Q319062_birth,1694,False,1694,YEAR,EARLYMIDCENTURY,
Q319062_death,1786,False,1786,YEAR,CENTURY,
Q191734_birth,345,False,,,,
Q191734_death,1592,False,1592,YEAR,,
Q44248_birth,1925,False,1925,YEAR,,
Q44248_death,1924,False,1924,YEAR,,
Q173893_birth,1320s,False,1320s,DECADE,EARLYMIDCENTURY,
Q173893_death,1420,False,1420,YEAR,,
Q210735_birth,1420s,False,1420s,DECADE,DECADE,DECADE
Q210735_death,1594,False,1594,YEAR,,
Q107473_birth,1892,False,1892,YEAR,EARLYMIDCENTURY,
Q107473_death,1968,False,1968,YEAR,YEAR,YEAR
Q213550_birth,1918,False,1918,YEAR,YEAR,YEAR
Q213550_death,2018,False,2018,YEAR,YEAR,YEAR
Q42034_birth,550 BCE,False,550 BCE,YEAR,,
Q42034_death,635,False,,,,
Q9546_birth,1058,False,1058,YEAR,DECADE,
Q9546_death,1111,False,1111,YEAR,YEAR,YEAR
Q101054_birth,1817,False,1817,YEAR,YEAR,YEAR
Q101054_death,1921,False,1921,YEAR,,
Q28988_birth,1851,False,1851,YEAR,,
Q28988_death,1945,False,1945,YEAR,,
Q222227_birth,1114,False,1114,YEAR,,
Q222227_death,1232,False,1232,YEAR,,
Q627784_birth,2500 BCE,False,2500 BCE,YEAR,,
Q627784_death,2560s,False,2560s,DECADE,,
Q7210_birth,206 BCE,False,206 BCE,YEAR,CENTURY,
Q7210_death,2023,False,2023,YEAR,,
Q7225_birth,20th century,False,20th century,CENTURY,,
Q7225_death,238 AD,False,,,,
Q9045_birth,356 BCE,False,356 BCE,YEAR,CENTURY,
Q9045_death,405,False,,,,
Q8589_birth,268 BCE,False,268 BCE,YEAR,,
Q8589_death,235,False,,,,
Q187982_birth,446 BC,False,446 BCE,YEAR,DECADE,
Q187982_death,461,False,,,,
Q172353_birth,363 BCE,False,363 BCE,YEAR,CENTURY,
Q172353_death,272 AD,False,,,,
Q178953_birth,52 BC,False,52 BCE,YEAR,CENTURY,
Q178953_death,52 BC,False,52 BCE,YEAR,EARLYMIDCENTURY,
Q1048_birth,106 BCE,False,106 BCE,YEAR,,
Q1048_death,44 BCE,False,44 BCE,YEAR,DECADE,
Q1423_birth,83 AD,False,,,,
Q1423_death,96 AD,False,,,,
Q46696_birth,347,False,,,,
Q46696_death,395,False,,,,
Q144565_birth,1256,False,1256,YEAR,,
Q144565_death,1256,False,1256,YEAR,,
Q244007_birth,1650s,False,1650s,DECADE,,
Q244007_death,1254,False,1254,YEAR,CENTURY,
Q8462_birth,1326,False,1326,YEAR,CENTURY,
Q8462_death,1405,False,1405,YEAR,YEAR,YEAR
Q83100_birth,1259,False,1259,YEAR,EARLYMIDDECADE,
Q83100_death,1260,False,1260,YEAR,,
Q334923_birth,570s,False,570s,DECADE,DECADE,DECADE
Q334923_death,632,False,,,,
Q188943_birth,956,False,,,,
Q188943_death,1246,False,1246,YEAR,,
Q43974_birth,534,False,,,,
Q43974_death,732,False,,,,
Q34428_birth,1533,False,1533,YEAR,,
Q34428_death,1560s,False,1560s,DECADE,,
Q150712_birth,9th century,False,9th century,CENTURY,CENTURY,CENTURY
Q150712_death,925,False,,,,
Q43915_birth,10th century,False,10th century,CENTURY,CENTURY,CENTURY
Q43915_death,9 October 1002,False,"October 9, 1002",DAY,,
Q187998_birth,1475,False,1475,YEAR,YEAR,YEAR
Q187998_death,1503,False,1503,YEAR,DECADE,
Q484359_birth,1645,False,1645,YEAR,,
Q484359_death,1697,False,1697,YEAR,CENTURY,
Q83672_birth,1592,False,1592,YEAR,YEAR,YEAR
Q83672_death,1658,False,1658,YEAR,EARLYMIDCENTURY,
Q8479_birth,1672,False,1672,YEAR,YEAR,YEAR
Q8479_death,1725,False,1725,YEAR,YEAR,YEAR
Q130752_birth,1630s,False,1630s,DECADE,,
Q130752_death,1925,False,1925,YEAR,,
Q36450_birth,1729,False,1729,YEAR,YEAR,YEAR
Q36450_death,1796,False,1796,YEAR,YEAR,YEAR
Q38370_birth,1485,False,1485,YEAR,EARLYMIDCENTURY,
Q38370_death,1547,False,1547,YEAR,YEAR,YEAR
Q44279_birth,1599,False,1599,YEAR,YEAR,YEAR
Q44279_death,1658,False,1658,YEAR,YEAR,YEAR
Q104190_birth,1676,False,1676,YEAR,YEAR,YEAR
Q104190_death,1792,False,1792,YEAR,CENTURY,
Q127318_birth,1738,False,1738,YEAR,YEAR,YEAR
Q127318_death,19th century,False,19th century,CENTURY,CENTURY,CENTURY
Q150611_birth,1521,False,1521,YEAR,EARLYMIDCENTURY,
Q150611_death,1903,False,1903,YEAR,,
Q33550_birth,1749,False,1749,YEAR,CENTURY,
Q33550_death,1786,False,1786,YEAR,YEAR,YEAR
Q52937_birth,1654,False,1654,YEAR,CENTURY,
Q52937_death,1901,False,1901,YEAR,,
Q48231_birth,1923,False,1923,YEAR,DECADE,
Q48231_death,2003,False,2003,YEAR,YEAR,YEAR
Q1231345_birth,1966,False,1966,YEAR,EARLYMIDCENTURY,
Q315659_birth,1843,False,1843,YEAR,EARLYMIDCENTURY,
Q315659_death,1963,False,1963,YEAR,,
Q298678_birth,1840s,False,1840s,DECADE,DECADE,DECADE
Q298678_death,1903,False,1903,YEAR,,
Q182781_birth,1960s,False,1960s,DECADE,,
Q182781_death,1949,False,1949,YEAR,,
Q154545_birth,1906,False,1906,YEAR,YEAR,YEAR
Q154545_death,2021,False,2021,YEAR,EARLYMIDCENTURY,
Q368_birth,1915,False,1915,YEAR,YEAR,YEAR
Q368_death,2010,False,2010,YEAR,EARLYMIDCENTURY,
Q156774_birth,1825,False,1825,YEAR,YEAR,YEAR
Q156774_death,1916,False,1916,YEAR,,
Q152474_birth,1901,False,1901,YEAR,,
Q152474_death,1963,False,1963,YEAR,EARLYMIDDECADE,
Q9588_birth,1913,False,1913,YEAR,YEAR,YEAR
Q9588_death,2000s,False,2000s,DECADE,,
Q152265_birth,1924,False,1924,YEAR,EARLYMIDCENTURY,
Q152265_death,2003,False,2003,YEAR,DECADE,
Q151929_birth,1931,False,1931,YEAR,EARLYMIDCENTURY,
Q151929_death,2014,False,2014,YEAR,YEAR,YEAR
Q16574_birth,1901,False,1901,YEAR,,
Q16574_death,1975,False,1975,YEAR,YEAR,YEAR
Q16977_birth,1904,False,1904,YEAR,YEAR,YEAR
Q16977_death,2022,False,2022,YEAR,,
Q15031_birth,1953,False,1953,YEAR,YEAR,YEAR
Q132345_birth,1954,False,1954,YEAR,YEAR,YEAR
Q132345_death,2023,False,2023,YEAR,EARLYMIDDECADE,
Q171684_birth,1905,False,1905,YEAR,,
Q171684_death,1965,False,1965,YEAR,YEAR,YEAR
Q663001_birth,1906,False,1906,YEAR,,
Q663001_death,1952,False,1952,YEAR,YEAR,YEAR
Q1047_birth,1889,False,1889,YEAR,YEAR,YEAR
Q1047_death,1950s,False,1950s,DECADE,EARLYMIDCENTURY,
Q151509_birth,1902,False,1902,YEAR,,
Q151509_death,1953,False,1953,YEAR,YEAR,YEAR
Q483672_birth,1945,False,1945,YEAR,DECADE,
Q483672_death,2017,False,2017,YEAR,YEAR,YEAR
Q174791_birth,1796,False,1796,YEAR,EARLYMIDCENTURY,
Q174791_death,1839,False,1839,YEAR,YEAR,YEAR
Q45662_birth,1799,False,1799,YEAR,EARLYMIDCENTURY,
Q45662_death,1849,False,1849,YEAR,EARLYMIDCENTURY,
Q9161_birth,1922,False,1922,YEAR,,
Q9161_death,1980,False,1980,YEAR,YEAR,YEAR
Q130734_birth,1826,False,1826,YEAR,,
Q130734_death,1905,False,1905,YEAR,,
Q855_birth,1879,False,1879,YEAR,EARLYMIDDECADE,
Q855_death,1953,False,1953,YEAR,YEAR,YEAR
Q7771_birth,1832,False,1832,YEAR,,
Q7771_death,1848,False,1848,YEAR,EARLYMIDCENTURY,
Q352_birth,1920s,False,1920s,DECADE,,
Q352_death,1945,False,1945,YEAR,YEAR,YEAR
Q2607_birth,1912,False,1912,YEAR,YEAR,YEAR
Q2607_death,1994,False,1994,YEAR,YEAR,YEAR
Q2518_birth,1930s,False,1930s,DECADE,DECADE,DECADE
Q2518_death,2000s,False,2000s,DECADE,,
Q19943_birth,1938,False,1938,YEAR,YEAR,YEAR
Q166092_birth,1810s,False,1810s,DECADE,DECADE,DECADE
Q166092_death,19th century,False,19th century,CENTURY,CENTURY,CENTURY
Q82006_birth,1821,False,1821,YEAR,EARLYMIDCENTURY,
Q82006_death,1906,False,1906,YEAR,,
Q129006_birth,1901,False,1901,YEAR,,
Q129006_death,1967,False,1967,YEAR,YEAR,YEAR
Q44228_death,431,False,,,,
Q51673_birth,45 BCE,False,45 BCE,YEAR,CENTURY,
Q51673_death,43 BCE,False,43 BCE,YEAR,CENTURY,
Q316945_birth,1655,False,1655,YEAR,CENTURY,
Q316945_death,1697,False,1697,YEAR,EARLYMIDCENTURY,
Q83235_birth,1792,False,1792,YEAR,CENTURY,
Q83235_death,1805,False,1805,YEAR,YEAR,YEAR
Q151414_birth,1880s,False,1880s,DECADE,DECADE,DECADE
Q151414_death,1959,False,1959,YEAR,YEAR,YEAR
Q152325_birth,1906,False,1906,YEAR,,
Q152325_death,1943,False,1943,YEAR,YEAR,YEAR
Q76430_birth,1746,False,1746,YEAR,CENTURY,
Q76430_death,1923,False,1923,YEAR,,
Q379580_birth,1863,False,1863,YEAR,EARLYMIDCENTURY,
Q379580_death,1947,False,1947,YEAR,CENTURY,
Q38203_birth,1880s,False,1880s,DECADE,DECADE,DECADE
Q38203_death,1968,False,1968,YEAR,YEAR,YEAR
Q312555_birth,1856,False,1856,YEAR,YEAR,YEAR
Q312555_death,1920s,False,1920s,DECADE,DECADE,DECADE
Q167852_birth,767,False,,,,
Q167852_death,1248,False,1248,YEAR,,
Q302835_birth,1201,False,1201,YEAR,YEAR,YEAR
Q302835_death,1274,False,1274,YEAR,YEAR,YEAR
Q58720_birth,1711,False,1711,YEAR,YEAR,YEAR
Q58720_death,1765,False,1765,YEAR,YEAR,YEAR
Q43476_birth,1776,False,1776,YEAR,YEAR,YEAR
Q43476_death,1926,False,1926,YEAR,,
Q60052_birth,1824,False,1824,YEAR,YEAR,YEAR
Q60052_death,1927,False,1927,YEAR,,
Q9021_birth,1858,False,1858,YEAR,YEAR,YEAR
Q9021_death,1947,False,1947,YEAR,YEAR,YEAR
Q37463_birth,1859,False,1859,YEAR,YEAR,YEAR
Q37463_death,1906,False,1906,YEAR,YEAR,YEAR
Q937_birth,1905,False,1905,YEAR,,
Q937_death,1955,False,1955,YEAR,YEAR,YEAR
Q65989_birth,1900s,False,1900s,DECADE,DECADE,DECADE
Q65989_death,1958,False,1958,YEAR,YEAR,YEAR
Q181369_birth,1912,False,1912,YEAR,EARLYMIDCENTURY,
Q181369_death,2009,False,2009,YEAR,EARLYMIDCENTURY,
Q183679_birth,1926,False,1926,YEAR,YEAR,YEAR
Q183679_death,2015,False,2015,YEAR,EARLYMIDCENTURY,
Q172840_birth,1926,False,1926,YEAR,DECADE,
Q172840_death,2019,False,2019,YEAR,YEAR,YEAR
Q8963_birth,1571,False,1571,YEAR,EARLYMIDDECADE,
Q8963_death,1630,False,1630,YEAR,YEAR,YEAR
Q47434_birth,1656,False,1656,YEAR,YEAR,YEAR
Q47434_death,1742,False,1742,YEAR,YEAR,YEAR
Q76948_birth,1750s,False,1750s,DECADE,DECADE,DECADE
Q76948_death,1903,False,1903,YEAR,,
Q410_birth,1934,False,1934,YEAR,YEAR,YEAR
Q410_death,2005,False,2005,YEAR,,
Q39607_birth,1743,False,1743,YEAR,YEAR,YEAR
Q39607_death,1794,False,1794,YEAR,YEAR,YEAR
Q80956_birth,1859,False,1859,YEAR,YEAR,YEAR
Q80956_death,1927,False,1927,YEAR,YEAR,YEAR
Q57075_birth,1868,False,1868,YEAR,YEAR,YEAR
Q57075_death,1934,False,1934,YEAR,YEAR,YEAR
Q151564_birth,1918,False,1918,YEAR,YEAR,YEAR
Q151564_death,2005,False,2005,YEAR,EARLYMIDCENTURY,
Q298933_birth,1840s,False,1840s,DECADE,DECADE,DECADE
Q298933_death,1928,False,1928,YEAR,,
Q37103_birth,1820s,False,1820s,DECADE,DECADE,DECADE
Q37103_death,1910,False,1910,YEAR,YEAR,YEAR
Q192496_birth,1765,False,1765,YEAR,EARLYMIDCENTURY,
Q192496_death,1896,False,1896,YEAR,CENTURY,
Q40224_birth,1844,False,1844,YEAR,YEAR,YEAR
Q40224_death,1925,False,1925,YEAR,DECADE,
Q8743_birth,1841,False,1841,YEAR,DECADE,
Q8743_death,1931,False,1931,YEAR,YEAR,YEAR
Q150910_birth,1854,False,1854,YEAR,YEAR,YEAR
Q150910_death,1960,False,1960,YEAR,CENTURY,
Q354863_birth,1879,False,1879,YEAR,DECADE,
Q354863_death,1965,False,1965,YEAR,DECADE,
Q182546_birth,1882,False,1882,YEAR,YEAR,YEAR
Q182546_death,1945,False,1945,YEAR,YEAR,YEAR
Q133544_birth,1900s,False,1900s,DECADE,,
Q133544_death,1946,False,1946,YEAR,YEAR,YEAR
Q182031_birth,1923,False,1923,YEAR,YEAR,YEAR
Q182031_death,2005,False,2005,YEAR,YEAR,YEAR
Q9047_birth,1646,False,1646,YEAR,YEAR,YEAR
Q9047_death,1716,False,1716,YEAR,YEAR,YEAR
Q29193_birth,1805,False,1805,YEAR,YEAR,YEAR
Q29193_death,1859,False,1859,YEAR,YEAR,YEAR
Q81082_birth,1854,False,1854,YEAR,YEAR,YEAR
Q81082_death,1912,False,1912,YEAR,YEAR,YEAR
Q310794_birth,1857,False,1857,YEAR,YEAR,YEAR
Q310794_death,1936,False,1936,YEAR,YEAR,YEAR
Q7099_birth,1882,False,1882,YEAR,YEAR,YEAR
Q7099_death,1935,False,1935,YEAR,YEAR,YEAR
Q11641_birth,1906,False,1906,YEAR,YEAR,YEAR
Q11641_death,1992,False,1992,YEAR,YEAR,YEAR
Q7251_birth,1912,False,1912,YEAR,YEAR,YEAR
Q7251_death,1954,False,1954,YEAR,YEAR,YEAR
Q171500_birth,1964,False,1964,YEAR,CENTURY,
Q36107_birth,1960s,False,1960s,DECADE,CENTURY,
Q36107_death,2021,False,2021,YEAR,EARLYMIDCENTURY,
Q221048_birth,1920s,False,1920s,DECADE,EARLYMIDCENTURY,
Q221048_death,2005,False,2005,YEAR,,
Q179051_birth,1947,False,1947,YEAR,YEAR,YEAR
