qid,relation,question,raw,answer,kind,is_idk,match_level,strict_level,gold_fine,gold_coarse
12306,P264,What music label is Small Town Murder Scene represented by?,Answer: I don't know,I don't know,abstained,True,,,Paper Bag Records,Canadian independent record label
12326,P264,What music label is Dulcinea represented by?,Answer: I don't know,I don't know,abstained,True,,,Columbia Records,Sony Music Entertainment
8951,P127,Who owns Frozen?,Answer: Disney,Disney,answered,False,0.0,0.0,The Walt Disney Company,A company
4704,P50,Who is the author of House of Reckoning?,Answer: I don't know,I don't know,abstained,True,,,John Saul,American writer
3903,P50,Who is the author of Journey to the End of the Whale?,Answer: I don't know,I don't know,abstained,True,,,John David Morley,British person
10919,P176,Which company is 7.5 cm Pak 40 produced by?,Answer: I don't know,I don't know,abstained,True,,,Rheinmetall AG,a German company
11714,P176,Which company is BT-series tank produced by?,Answer: I don't know,I don't know,abstained,True,,,Malyshev Factory,a state-owned company
10605,P175,Who performed The Message at the Depth?,Answer: I don't know,I don't know,abstained,True,,,DJ Krush,a DJ
5206,P69,Where was Coline-Marie Orliac educated?,Answer: I don't know,I don't know,abstained,True,,,Curtis Institute of Music,music school
9746,P170,Who was Father Murphy created by?,Answer: I don't know,I don't know,abstained,True,,,Michael Landon,an actor
5233,P69,Where was Mieno Eiko educated?,Answer: I don't know,I don't know,abstained,True,,,Kyushu University,a university in Japan
11493,P176,Which company is MQM-42 Redhead produced by?,Answer: I don't know,I don't know,abstained,True,,,North American Aviation,an aerospace manufacturer
12645,P264,What music label is Ad Astra per Aspera represented by?,Answer: I don't know,I don't know,abstained,True,,,Gotee Records,A record label
8677,P127,Who owns J. Mack Robinson College of Business Administration Building?,Answer: I don't know,I don't know,abstained,True,,,Georgia State University,a public university
11595,P176,Which company is A-Rosa Aqua produced by?,Answer: I don't know,I don't know,abstained,True,,,Neptun Werft,a German company
12129,P264,What music label is Brother/Sister represented by?,Answer: I don't know,I don't know,abstained,True,,,Rock Ridge Music,US independent music label
10575,P175,Who performed My Baby?,Answer: I don't know,I don't know,abstained,True,,,The Temptations,American musicians
11594,P176,Which company is Agrale Marruá produced by?,Answer: Agrale,Agrale,answered,False,0.0,0.0,Agrale,a Brazilian company
10580,P175,Who performed Puzzle People?,Answer: I don't know,I don't know,abstained,True,,,The Temptations,A group of singers
11553,P176,Which company is Bristol 403 produced by?,Answer: I don't know,I don't know,abstained,True,,,Bristol Cars,British company
8503,P127,Who owns Aruba Networks?,Answer: I don't know,I don't know,abstained,True,,,Hewlett-Packard,an American information technology company
9611,P170,Who was Rescue Me created by?,Answer: Rescue Me was created by Terri Minsky and Mark Johnson.,Rescue Me was created by Terri Minsky and Mark Johnson.,answered,False,,,Denis Leary,an actor
11204,P176,Which company is Pentax *ist DS produced by?,Answer: Pentax,Pentax,answered,False,0.0,0.0,Pentax,A company
8132,P127,Who owns MS Bremen?,Answer: I don't know,I don't know,abstained,True,,,Hapag-Lloyd,a German company
9661,P170,Who was Cloud Strife created by?,Answer: Square Enix,Square Enix,answered,False,1.0,1.0,Tetsuya Nomura,a video game designer
3948,P50,Who is the author of The Testament of Cresseid?,Answer: Geoffrey Chaucer,Geoffrey Chaucer,answered,False,,,Robert Henryson,a poet
8323,P127,Who owns Interstate 696?,Answer: I don't know,I don't know,abstained,True,,,Michigan Department of Transportation,United States government
12138,P264,What music label is No Me Compares Con Nadie represented by?,Answer: I don't know,I don't know,abstained,True,,,Sony Music,American international record label
4265,P50,"Who is the author of Destiny, or The Attraction of Affinities?",Answer: Edward Bulwer-Lytton,Edward Bulwer-Lytton,answered,False,,,John David Morley,a British writer
9319,P170,Who was Sarap Diva created by?,Answer: I don't know,I don't know,abstained,True,,,GMA Network,a television network
11247,P176,Which company is RFA Wave Knight produced by?,Answer: I don't know,I don't know,abstained,True,,,Vickers Shipbuilding and Engineering,British company
4731,P69,Where was Ray Marshall educated?,Answer: I don't know,I don't know,abstained,True,,,Louisiana State University,a public university
8417,P127,Who owns Penn State Ice Pavilion?,Answer: Pennsylvania State University,Pennsylvania State University,answered,False,0.0,0.0,Pennsylvania State University,Pennsylvania State University
10898,P176,Which company is Matra Durandal produced by?,Answer: Matra,Matra,answered,False,0.0,0.0,Matra,a French company
10496,P175,Who performed Buenos Aires '13?,Answer: I don't know,I don't know,abstained,True,,,Markus Schulz,a German
11520,P176,Which company is Suzuki GF250 produced by?,Answer: Suzuki,Suzuki,answered,False,0.0,0.0,Suzuki,automotive corporation
10127,P175,Who performed Tender Kisses?,Answer: I don't know,I don't know,abstained,True,,,Tracie Spencer,a singer-songwriter and actress
8557,P127,Who owns SVT1?,Answer: Swedish Broadcasting Corporation,Swedish Broadcasting Corporation,answered,False,,,Sveriges Television,a Swedish company
3899,P50,Who is the author of Black Mischief?,Answer: D.H. Lawrence,D.H. Lawrence,answered,False,,,Evelyn Waugh,a British writer
9758,P170,Who was Hubert Bonisseur de La Bath created by?,Answer: I don't know,I don't know,abstained,True,,,Jean Bruce,a French writer
4182,P50,Who is the author of Janissaries III: Storms of Victory?,Answer: I don't know,I don't know,abstained,True,,,Jerry Pournelle,an American science fiction writer
8531,P127,Who owns Fox Footy?,Answer: I don't know,I don't know,abstained,True,,,Fox Sports Pty Limited,Australian company
5180,P69,Where was Waloddi Weibull educated?,Answer: I don't know,I don't know,abstained,True,,,Uppsala University,a university in Sweden
4471,P50,Who is the author of The Adventures of Harry Richmond?,Answer: Charles Reade,Charles Reade,answered,False,,,George Meredith,a British writer
4119,P50,Who is the author of The Return of John MacNab?,Answer: I don't know,I don't know,abstained,True,,,Andrew Greig,a Scottish writer
4941,P69,Where was Juan de Cervantes educated?,Answer: I don't know,I don't know,abstained,True,,,University of Salamanca,Spain
4333,P50,Who is the author of Balance of Power?,Answer: I don't know,I don't know,abstained,True,,,Dafydd ab Hugh,American author
8875,P127,Who owns Allrecipes.com?,Answer: I don't know,I don't know,abstained,True,,,Meredith Corporation,A company
9050,P170,Who was The Amazing Race created by?,Answer: Mark Burnett and Jane Street Productions,Mark Burnett and Jane Street Productions,answered,False,,,Elise Doganieri,American television producers
8072,P127,Who owns Whitehead railway station?,Answer: I don't know,I don't know,abstained,True,,,NI Railways,A rail transport organisation
12297,P264,What music label is Kentucky Thunder represented by?,Answer: I don't know,I don't know,abstained,True,,,Epic,a music label
12257,P264,What music label is A Million Thoughts and They're All About You represented by?,Answer: I don't know,I don't know,abstained,True,,,Artoffact Records,a Canadian record label
4527,P50,Who is the author of Whiteout: Melt?,Answer: I don't know,I don't know,abstained,True,,,Greg Rucka,Greg Rucka
10936,P176,Which company is HK4 produced by?,Answer: I don't know,I don't know,abstained,True,,,Heckler & Koch,a defense manufacturing company
5806,P112,Who founded Hallwyl Museum?,Answer: I don't know,I don't know,abstained,True,,,Wilhelmina von Hallwyl,a Swedish person
5899,P112,Who founded Jil Sander?,Answer: Jil Sander was founded by Jil Sander.,Jil Sander was founded by Jil Sander.,answered,False,0.0,0.0,Jil Sander,A German
11685,P176,Which company is HMS Gladiolus produced by?,Answer: I don't know,I don't know,abstained,True,,,Smiths Dock Company,shipbuilding company
10899,P176,Which company is German submarine U-659 produced by?,Answer: I don't know,I don't know,abstained,True,,,Howaldtswerke-Deutsche Werft,German company
9507,P170,Who was On n'demande qu'à en rire created by?,Answer: I don't know,I don't know,abstained,True,,,Laurent Ruquier,a French satirical comedian
12579,P264,What music label is Days of Wine and Roses and Other TV Requests represented by?,Answer: I don't know,I don't know,abstained,True,,,Columbia Records,Sony Music Entertainment
8635,P127,Who owns Peru Tribune?,Answer: I don't know,I don't know,abstained,True,,,Paxton Media Group,an American newspaper company
5257,P69,Where was Tarō Kimura educated?,Answer: I don't know,I don't know,abstained,True,,,Toyo University,a university in Japan
3803,P50,Who is the author of Me and the Orgone?,Answer: I don't know,I don't know,abstained,True,,,Orson Bean,an American actor
3895,P50,Who is the author of The Actes and Deidis of the Illustre and Vallyeant Campioun Schir William Wallace?,Answer: Walter Scott,Walter Scott,answered,False,,,Blind Harry,a poet
5165,P69,Where was Amy Wynn Pastor educated?,Answer: I don't know,I don't know,abstained,True,,,Pennsylvania State University,a public university
12715,P264,What music label is Until I Feel Nothing represented by?,Answer: I don't know,I don't know,abstained,True,,,Victory Records,Victory Records
12344,P264,What music label is The Unveiling represented by?,Answer: I don't know,I don't know,abstained,True,,,Solid State Records,American Christian record label
11219,P176,Which company is HMT Svana produced by?,Answer: I don't know,I don't know,abstained,True,,,Smiths Dock Company,shipbuilding company
8316,P127,Who owns U.S. Route 27 in Michigan?,Answer: I don't know,I don't know,abstained,True,,,Michigan Department of Transportation,United States government
9685,P170,Who was Cafe Gurzuf created by?,Answer: I don't know,I don't know,abstained,True,,,Alexander Nikolayevich Samokhvalov,a Soviet Russian artist
11187,P176,Which company is Mercedes-Benz W120 produced by?,Answer: Mercedes-Benz,Mercedes-Benz,answered,False,0.0,0.0,Mercedes-Benz,German automobile brand
8568,P127,Who owns Google Public Alerts?,Answer: Google LLC,Google LLC,answered,False,1.0,1.0,Google.org,Alphabet Inc.
8598,P127,Who owns Schloss Porcia?,Answer: I don't know,I don't know,abstained,True,,,Spittal an der Drau,Austria
9623,P170,Who was X-Men created by?,Answer: Marvel Comics,Marvel Comics,answered,False,,,Stan Lee,a comic book writer
9691,P170,"Who was Welcome Back, Kotter created by?",Answer: Garry Marshall,Garry Marshall,answered,False,,,Gabe Kaplan,an actor
3918,P50,Who is the author of The White Company?,Answer: Arthur Conan Doyle,Arthur Conan Doyle,answered,False,0.0,0.0,Arthur Conan Doyle,a British writer
10494,P175,Who performed Best of the Geto Boys?,Answer: The Geto Boys,The Geto Boys,answered,False,0.0,0.0,Geto Boys,group of people
8969,P127,Who owns Hilton Orlando Lake Buena Vista?,Answer: I don't know,I don't know,abstained,True,,,Hilton Worldwide,a hospitality company
10129,P175,Who performed Five Get Over Excited?,Answer: I don't know,I don't know,abstained,True,,,The Housemartins,a group
8035,P127,Who owns TeenNick?,"Answer: Nickelodeon Group, a unit of ViacomCBS","Nickelodeon Group, a unit of ViacomCBS",answered,False,1.0,,ViacomCBS Domestic Media Networks,National Amusements
12094,P264,What music label is Trailer Trash Tracys represented by?,Answer: I don't know,I don't know,abstained,True,,,Domino Recording Company,Domino Recording Company
12172,P264,What music label is Em Som Maior represented by?,Answer: I don't know,I don't know,abstained,True,,,Som Livre,a Brazilian record label
10386,P175,Who performed La Passion?,Answer: I don't know,I don't know,abstained,True,,,Gigi D'Agostino,a DJ
8037,P127,Who owns MTV India?,Answer: Viacom18 Media & Entertainment Limited,Viacom18 Media & Entertainment Limited,answered,False,,,Viacom 18,A media company
9243,P170,Who was Unang Hirit created by?,Answer: I don't know,I don't know,abstained,True,,,GMA Network,a television network
11797,P264,What music label is Outlawed represented by?,Answer: I don't know,I don't know,abstained,True,,,Artery Recordings,Artery Recordings
9417,P170,Who was Jhilmil Sitaaron Ka Angan Hoga created by?,Answer: I don't know,I don't know,abstained,True,,,Rajshri Productions,an Indian film production and distribution company
8786,P127,Who owns Woolsthorpe Manor?,Answer: The National Trust,The National Trust,answered,False,0.0,0.0,National Trust,a non-profit organization
5610,P112,Who founded Raza Unida Party?,Answer: I don't know,I don't know,abstained,True,,,José Ángel Gutiérrez,an American academic
10956,P176,Which company is MSC Geneva produced by?,Answer: I don't know,I don't know,abstained,True,,,Daewoo Mangalia Heavy Industries,Daewoo
8051,P127,Who owns Village Roadshow Pictures?,Answer: Village Roadshow Pictures is owned by Village Roadshow Limited.,Village Roadshow Pictures is owned by Village Roadshow Limited.,answered,False,0.0,0.0,Village Roadshow,an Australian film production and media company
11332,P176,Which company is USS Frank Cable produced by?,Answer: I don't know,I don't know,abstained,True,,,Lockheed Shipbuilding and Construction Company,Lockheed Corporation
12191,P264,What music label is Shawn Colvin represented by?,Answer: I don't know,I don't know,abstained,True,,,Columbia Records,Sony
9803,P170,Who was L'Homme qui marche I created by?,Answer: I don't know,I don't know,abstained,True,,,Alberto Giacometti,a Swiss artist
9099,P170,Who was Futurama created by?,Answer: Matt Groening,Matt Groening,answered,False,0.0,0.0,Matt Groening,a cartoonist
11050,P176,Which company is eRuf Model A produced by?,Answer: I don't know,I don't know,abstained,True,,,Ruf Automobile,a German company
9664,P170,Who was Nightmare Cafe created by?,Answer: I don't know,I don't know,abstained,True,,,Wes Craven,a film director
12545,P264,What music label is Red Rose for Gregory represented by?,Answer: I don't know,I don't know,abstained,True,,,RAS Records,RAS Records
8031,P127,Who owns Arena Sport?,Answer: I don't know,I don't know,abstained,True,,,Telekom Srbija,A company
8277,P127,Who owns The Walt Disney Company France?,"Answer: The Walt Disney Company France is owned by The Walt Disney Company, an American multinational mass media and entertainment conglomerate.","The Walt Disney Company France is owned by The Walt Disney Company, an American multinational mass media and entertainment conglomerate.",answered,False,0.0,0.0,The Walt Disney Company,A multinational company
4080,P50,Who is the author of The Android's Dream?,Answer: Tricia Sullivan,Tricia Sullivan,answered,False,,,John Scalzi,a science fiction writer
12472,P264,What music label is Forget What You Know represented by?,Answer: I don't know,I don't know,abstained,True,,,Columbia Records,Sony Music Entertainment
8029,P127,Who owns Spyker Castle?,Answer: I don't know,I don't know,abstained,True,,,Carl Gustaf Wrangel,a Swedish person
11104,P176,Which company is Blackburn G.P. produced by?,Answer: I don't know,I don't know,abstained,True,,,Blackburn Aircraft,aircraft manufacturer
8279,P127,Who owns SS Erinpura?,Answer: I don't know,I don't know,abstained,True,,,British-India Steam Navigation Company,British-India Steam Navigation Company
4946,P69,Where was Gus Rosenberg educated?,Answer: I don't know,I don't know,abstained,True,,,Pennsylvania State University,a public university
9440,P170,Who was Stay Lucky created by?,Answer: I don't know,I don't know,abstained,True,,,Geoff McQueen,a British writer
8355,P127,Who owns Credito Italiano?,Answer: I don't know,I don't know,abstained,True,,,UniCredit,a global banking and financial services company
12180,P264,What music label is Emotions represented by?,Answer: I don't know,I don't know,abstained,True,,,Columbia Records,Sony Music Entertainment
11972,P264,What music label is By Divine Right represented by?,Answer: I don't know,I don't know,abstained,True,,,Nettwerk,a Canadian record label
8387,P127,Who owns Thorndale?,Answer: I don't know,I don't know,abstained,True,,,Amtrak,a rail operator
4208,P50,"Who is the author of Tom and Jerry, or Life in London?",Answer: I don't know,I don't know,abstained,True,,,William Thomas Moncrieff,British person
11092,P176,Which company is SMS Gneisenau produced by?,Answer: I don't know,I don't know,abstained,True,,,AG Weser,a German company
8501,P127,Who owns The Forum of Fargo-Moorhead?,Answer: I don't know,I don't know,abstained,True,,,Forum Communications,A company
5920,P112,Who founded JBL?,Answer: I don't know,I don't know,abstained,True,,,James Bullough Lansing,an American
3901,P50,Who is the author of MedStar II: Jedi Healer?,Answer: I don't know,I don't know,abstained,True,,,Michael Reaves,American screenwriter
8878,P127,Who owns Eutelsat 70A?,Answer: Eutelsat,Eutelsat,answered,False,0.0,0.0,Eutelsat,a satellite provider
12103,P264,What music label is Unknown Session represented by?,Answer: I don't know,I don't know,abstained,True,,,Columbia Records,Sony Music Entertainment
5249,P69,Where was Joe Robert Pemagbi educated?,Answer: I don't know,I don't know,abstained,True,,,Njala University,a university in Sierra Leone
9670,P170,Who was The Front Line created by?,Answer: I don't know,I don't know,abstained,True,,,Alex Shearer,a British novelist
11351,P176,Which company is ALCO RSD-15 produced by?,Answer: ALCO (American Locomotive Company),ALCO (American Locomotive Company),answered,False,0.0,0.0,American Locomotive Company,a locomotive company
10931,P176,Which company is HMS Thorough produced by?,Answer: I don't know,I don't know,abstained,True,,,Vickers-Armstrongs,British engineering company
4176,P50,Who is the author of Twenty Cases Suggestive of Reincarnation?,Answer: Ian Stevenson,Ian Stevenson,answered,False,0.0,0.0,Ian Stevenson,a researcher
5604,P112,Who founded Egyptian Patriotic Movement?,Answer: I don't know,I don't know,abstained,True,,,Shafiq Ahmad,a researcher
9630,P170,Who was Amuro Ray created by?,Answer: Yoshiyuki Tomino,Yoshiyuki Tomino,answered,False,0.0,0.0,Yoshiyuki Tomino,a film director
10264,P175,Who performed Library of Soul?,Answer: I don't know,I don't know,abstained,True,,,Leessang,a South Korean musical group
5669,P112,Who founded Cult Awareness Network?,Answer: I don't know,I don't know,abstained,True,,,Ted Patrick,a deprogrammer
5693,P112,Who founded Ares Incorporated?,Answer: I don't know,I don't know,abstained,True,,,Eugene Stoner,An American firearms designer
8763,P127,Who owns Los Angeles Sparks?,Answer: I don't know,I don't know,abstained,True,,,Guggenheim Partners,A company
11300,P176,Which company is 9A-91 produced by?,Answer: I don't know,I don't know,abstained,True,,,KBP Instrument Design Bureau,a defense company
5949,P112,Who founded Gapminder Foundation?,Answer: Ola Rosling,Ola Rosling,answered,False,,,Hans Rosling,a Swedish person
12147,P264,What music label is DJ U-Neek represented by?,Answer: I don't know,I don't know,abstained,True,,,Ruthless Records,Ruthless Records
12535,P264,What music label is Collecting Sunlight represented by?,Answer: I don't know,I don't know,abstained,True,,,Sony Music,American international record label
8406,P127,Who owns Stambaugh Stadium?,Answer: I don't know,I don't know,abstained,True,,,Youngstown State University,Youngstown State University
11422,P176,Which company is Lampo-class destroyer produced by?,Answer: I don't know,I don't know,abstained,True,,,Schichau-Werke,German company
4487,P50,Who is the author of Brilliance of the Moon?,Answer: I don't know,I don't know,abstained,True,,,Gillian Rubinstein,a British writer
11347,P176,Which company is Saro A.33 produced by?,Answer: I don't know,I don't know,abstained,True,,,Saunders-Roe,aircraft manufacturer
4089,P50,Who is the author of The Merry Men and Other Tales and Fables?,Answer: I don't know,I don't know,abstained,True,,,Robert Louis Stevenson,a Scottish writer
3781,P50,Who is the author of The Big Time?,Answer: I don't know,I don't know,abstained,True,,,Fritz Leiber Junior,Fritz
11147,P176,Which company is Suzuki Choinori produced by?,Answer: I don't know,I don't know,abstained,True,,,Suzuki,automotive corporation
8002,P127,Who owns Marston Vale Line?,Answer: I don't know,I don't know,abstained,True,,,Network Rail,The British government
10669,P175,Who performed Hearts on the Line?,Answer: Hearts on the Line was performed by The Killers.,Hearts on the Line was performed by The Killers.,answered,False,,,The Flying Burrito Brothers,A group of people
12314,P264,What music label is John R. Cash represented by?,Answer: I don't know,I don't know,abstained,True,,,Columbia Records,Sony Music Entertainment
5033,P69,Where was Te Ahukaramū Charles Royal educated?,Answer: I don't know,I don't know,abstained,True,,,Victoria University of Wellington,New Zealand
4027,P50,Who is the author of The Watchman?,Answer: I don't know,I don't know,abstained,True,,,Robert Crais,A screenwriter
4602,P50,Who is the author of Wintering Out?,Answer: I don't know,I don't know,abstained,True,,,Seamus Heaney,a poet
9317,P170,Who was Guo Jing created by?,Answer: Jin Yong,Jin Yong,answered,False,0.0,0.0,Jin Yong,Jin Yong
8372,P127,Who owns BA CityFlyer?,Answer: I don't know,I don't know,abstained,True,,,British Airways,International Airlines Group
8847,P127,Who owns The Tribune?,Answer: I don't know,I don't know,abstained,True,,,Home News Enterprises,A business
5751,P112,Who founded Luftschiffbau Zeppelin?,Answer: I don't know,I don't know,abstained,True,,,Ferdinand von Zeppelin,a German
8693,P127,Who owns Santa Clara station?,Answer: I don't know,I don't know,abstained,True,,,Caltrain,a transportation company
8778,P127,Who owns Matilda House?,Answer: I don't know,I don't know,abstained,True,,,Urban Redevelopment Authority,Singapore's government
11369,P176,Which company is Siemens-Schuckert D.I produced by?,Answer: I don't know,I don't know,abstained,True,,,Siemens-Schuckert,German company
11075,P176,Which company is 23 class airship produced by?,Answer: I don't know,I don't know,abstained,True,,,Vickers Limited,British company
12603,P264,What music label is Down Along the Cove represented by?,Answer: I don't know,I don't know,abstained,True,,,Columbia Records,Sony
5639,P112,Who founded Autonomy Corporation?,Answer: I don't know,I don't know,abstained,True,,,Michael Richard Lynch,a businessman
4058,P50,Who is the author of Medical Compendium in Seven Books?,Answer: Avicenna,Avicenna,answered,False,,,Paul of Aegina,a physician
9722,P170,Who was Murphy's Law created by?,Answer: I don't know,I don't know,abstained,True,,,Colin Bateman,a British writer
9997,P175,Who performed The Two Sides of the Smothers Brothers?,Answer: The Two Sides of the Smothers Brothers was performed by The Smothers Brothers.,The Two Sides of the Smothers Brothers was performed by The Smothers Brothers.,answered,False,0.0,0.0,Smothers Brothers,American comedians
8510,P127,Who owns Google Custom Search?,Answer: Google LLC,Google LLC,answered,False,0.0,0.0,Google,Alphabet Inc.
5975,P112,Who founded Mutual Film Company?,Answer: I don't know,I don't know,abstained,True,,,Mark Gordon,A television director and producer
8526,P127,Who owns TV4 Guld?,Answer: I don't know,I don't know,abstained,True,,,TV4 Group,a Swedish company
4084,P50,Who is the author of The Fantastic Four?,Answer: I don't know,I don't know,abstained,True,,,Stan Lee,a comic book writer
11874,P264,What music label is The Righteous Brothers represented by?,Answer: I don't know,I don't know,abstained,True,,,Moonglow Records,Moonglow Records
12100,P264,What music label is Audio Adrenaline represented by?,Answer: I don't know,I don't know,abstained,True,,,ForeFront Records,Christian record label
5812,P112,Who founded Goodyear Tire and Rubber Company?,Answer: Frank A. Seiberling,Frank A. Seiberling,answered,False,0.0,0.0,Frank Seiberling,a businessman
11025,P176,Which company is Atlantis PQ produced by?,Answer: I don't know,I don't know,abstained,True,,,Daewoo Shipbuilding & Marine Engineering,a shipbuilder
4332,P50,Who is the author of Instruments of Darkness?,Answer: I don't know,I don't know,abstained,True,,,Gary Russell,Nancy Huston
10070,P175,Who performed Raymond Langston?,Answer: I don't know,I don't know,abstained,True,,,Laurence Fishburne,an actor
8838,P127,Who owns HBO Asia?,Answer: Discovery Inc.,Discovery Inc.,answered,False,,,HBO,AT&T
12612,P264,What music label is Z-1 represented by?,Answer: I don't know,I don't know,abstained,True,,,EMI Music Japan,a Japanese record company
5817,P112,Who founded Subramaniam Academy of Performing Arts?,Answer: I don't know,I don't know,abstained,True,,,Kavita Krishnamurthy,Indian singer
5626,P112,"Who founded Tetris Online, Inc.?",Answer: I don't know,I don't know,abstained,True,,,Alexey Pajitnov,a Russian
5737,P112,Who founded Woolwich Dockyard?,Answer: I don't know,I don't know,abstained,True,,,Henry VIII of England,a king
10278,P175,Who performed The McGarrigle Hour?,Answer: I don't know,I don't know,abstained,True,,,Kate and Anna McGarrigle,Canadian singer-songwriters
11634,P176,Which company is HMS Wasp produced by?,Answer: I don't know,I don't know,abstained,True,,,Vickers Shipbuilding and Engineering,British shipbuilding company
3904,P50,Who is the author of Welcome to Alflolol?,Answer: I don't know,I don't know,abstained,True,,,Pierre Christin,A comic creator
11421,P176,Which company is HMS Alexander produced by?,Answer: I don't know,I don't know,abstained,True,,,Deptford Dockyard,British government
11232,P176,Which company is SM UB-4 produced by?,Answer: I don't know,I don't know,abstained,True,,,Friedrich Krupp Germaniawerft,German company
11726,P176,Which company is MSC Monterey produced by?,Answer: I don't know,I don't know,abstained,True,,,Daewoo Mangalia Heavy Industries,Daewoo
12186,P264,What music label is Stephanie Dosen represented by?,Answer: I don't know,I don't know,abstained,True,,,Bella Union,British independent record label
4828,P69,Where was José Antonio Ramos Sucre educated?,Answer: I don't know,I don't know,abstained,True,,,Central University of Venezuela,Venezuela
3961,P50,Who is the author of Dream of the Red Chamber?,Answer: Cao Xueqin,Cao Xueqin,answered,False,0.0,0.0,Cao Xueqin,a Chinese person
9736,P170,Who was Black Books created by?,Answer: Richard Curtis and Ben Elton,Richard Curtis and Ben Elton,answered,False,,,Graham Linehan,Irish person
8421,P127,Who owns The Daily Beast?,Answer: I don't know,I don't know,abstained,True,,,IAC,an American media and Internet company
11680,P176,Which company is VR Class Sm2 produced by?,Answer: I don't know,I don't know,abstained,True,,,Valmet,a Finnish company
12410,P264,What music label is From the Heart represented by?,Answer: I don't know,I don't know,abstained,True,,,Epic,Sony Music Entertainment
11555,P176,Which company is Loire 102 produced by?,Answer: I don't know,I don't know,abstained,True,,,Loire Aviation,a French company
12249,P264,What music label is The Revolution represented by?,Answer: I don't know,I don't know,abstained,True,,,Fervent Records,a music record label
12395,P264,What music label is Plague Songs represented by?,Answer: I don't know,I don't know,abstained,True,,,4AD,British independent record label
11639,P176,Which company is iPod Classic produced by?,Answer: Apple,Apple,answered,False,0.0,0.0,Apple Inc.,a multinational technology company
10490,P175,Who performed Journey?,Answer: I don't know,I don't know,abstained,True,,,Arif Mardin,a music producer
4173,P50,Who is the author of The Sheik?,Answer: Edith Wharton,Edith Wharton,answered,False,,,Edith Maude Hull,a British writer
8924,P127,Who owns Tablet Magazine?,Answer: Tablet Magazine is owned by the Jewish Foundation for the Righteous.,Tablet Magazine is owned by the Jewish Foundation for the Righteous.,answered,False,,,Nextbook,a non-profit organization
9625,P170,Who was A Happy Death created by?,Answer: I don't know,I don't know,abstained,True,,,Albert Camus,a French journalist
10976,P176,Which company is HMCS Chebogue produced by?,Answer: I don't know,I don't know,abstained,True,,,Yarrow Shipbuilders,a shipbuilder
8351,P127,Who owns Urawa Komaba Stadium?,Answer: I don't know,I don't know,abstained,True,,,Saitama,Japan
8886,P127,Who owns Mercialys?,Answer: I don't know,I don't know,abstained,True,,,Groupe Casino,a French company
11475,P176,Which company is USS Niagara produced by?,Answer: I don't know,I don't know,abstained,True,,,Consolidated Steel Corporation,a steelmaking and shipbuilding company
11692,P176,Which company is ORP Sokół produced by?,Answer: I don't know,I don't know,abstained,True,,,Nordseewerke,a German company
9291,P170,Who was The Prisoner created by?,Answer: Patrick Macnee,Patrick Macnee,answered,False,,,Patrick McGoohan,an actor
11489,P176,Which company is ALCO FA produced by?,Answer: ALCO FA was produced by American Locomotive Company (ALCO).,ALCO FA was produced by American Locomotive Company (ALCO).,answered,False,0.0,0.0,American Locomotive Company,a locomotive company
9137,P170,Who was Sebastian Moran created by?,Answer: Arthur Conan Doyle,Arthur Conan Doyle,answered,False,0.0,0.0,Arthur Conan Doyle,a British writer
5893,P112,Who founded Yucaipa Companies?,Answer: I don't know,I don't know,abstained,True,,,Ronald Burkle,a billionaire
12010,P264,What music label is The Embarrassing Beginning represented by?,Answer: I don't know,I don't know,abstained,True,,,Victory Records,Victory Records
11828,P264,What music label is A New Day Has Come represented by?,Answer: I don't know,I don't know,abstained,True,,,Columbia Records,Sony Music Entertainment
5628,P112,Who founded Zipcar?,Answer: I don't know,I don't know,abstained,True,,,Robin Chase,A co-founder of Zipcar
4276,P50,Who is the author of She Returns to the Floating World?,Answer: I don't know,I don't know,abstained,True,,,Jeannine Hall Gailey,American writer
11632,P176,Which company is Panhard VBL produced by?,Answer: Panhard,Panhard,answered,False,0.0,0.0,Panhard,a French company
8222,P127,Who owns Castel Nuovo?,Answer: The city of Naples,The city of Naples,answered,False,,,Charles I of Naples,a king
8919,P127,Who owns Wiesbaden-Schierstein station?,Answer: Deutsche Bahn,Deutsche Bahn,answered,False,0.0,0.0,Deutsche Bahn,a German company
11100,P176,Which company is Mechitharine produced by?,Answer: I don't know,I don't know,abstained,True,,,Mechitarists,a religious order
4567,P50,Who is the author of The Ram?,Answer: I don't know,I don't know,abstained,True,,,Madame d'Aulnoy,a French writer
11656,P176,Which company is Lotus 31 produced by?,Answer: I don't know,I don't know,abstained,True,,,Lotus Cars,automotive company
4166,P50,Who is the author of Defence of the Seven Sacraments?,Answer: Thomas Aquinas,Thomas Aquinas,answered,False,,,Henry VIII of England,a monarch
5837,P112,Who founded Vatican Museums?,Answer: Pope Julius II,Pope Julius II,answered,False,0.0,0.0,Julius II,a religious leader
4580,P50,"Who is the author of Great Food, All Day Long?",Answer: I don't know,I don't know,abstained,True,,,Maya Angelou,a poet
3945,P50,Who is the author of Around the Moon?,Answer: Jules Verne,Jules Verne,answered,False,0.0,0.0,Jules Verne,a French writer
8602,P127,Who owns 2K Games?,"Answer: Take-Two Interactive Software, Inc.","Take-Two Interactive Software, Inc.",answered,False,0.0,0.0,Take-Two Interactive,A company
10585,P175,Who performed Farewell My Love?,Answer: I don't know,I don't know,abstained,True,,,The Temptations,American musicians
8429,P127,Who owns SS Florizel?,Answer: I don't know,I don't know,abstained,True,,,Bowring Brothers,Bowring Brothers
8871,P127,Who owns L. P. Frans Stadium?,Answer: I don't know,I don't know,abstained,True,,,Hickory Crawdads,a sports team
12255,P264,What music label is Righteousness and Humidity represented by?,Answer: I don't know,I don't know,abstained,True,,,Topic Records,a music label
12081,P264,What music label is Breakaway represented by?,Answer: I don't know,I don't know,abstained,True,,,Columbia Records,Sony Music Entertainment
9198,P170,Who was Equestrian statue of the Duke of Cambridge created by?,Answer: I don't know,I don't know,abstained,True,,,Adrian Jones,a painter and sculptor
12120,P264,What music label is Nordic Quartet represented by?,Answer: I don't know,I don't know,abstained,True,,,ECM Records,German independent record label
4357,P50,Who is the author of Common Grounds?,Answer: I don't know,I don't know,abstained,True,,,Troy Hickman,a comic book writer
11974,P264,What music label is Suction represented by?,Answer: I don't know,I don't know,abstained,True,,,Rough Trade Records,a music label
12541,P264,What music label is Under the Milky Way represented by?,Answer: I don't know,I don't know,abstained,True,,,Mushroom Records,Australian record label
5852,P112,Who founded Opel?,Answer: Adam Opel,Adam Opel,answered,False,0.0,0.0,Adam Opel,a German
8236,P127,Who owns Ntv7?,Answer: I don't know,I don't know,abstained,True,,,Media Prima,a Malaysian company
3993,P50,Who is the author of Doomed Queen Anne?,Answer: I don't know,I don't know,abstained,True,,,Carolyn Meyer,American writer
5924,P112,Who founded Gardner-Serpollet?,Answer: I don't know,I don't know,abstained,True,,,Léon Serpollet,a businessman
4776,P69,Where was Joseph Kabila educated?,Answer: I don't know,I don't know,abstained,True,,,Makerere University,Africa
11851,P264,What music label is Revolutions per Minute represented by?,Answer: I don't know,I don't know,abstained,True,,,Fat Wreck Chords,Fat Wreck Chords
11234,P176,Which company is PP-90 produced by?,Answer: I don't know,I don't know,abstained,True,,,KBP Instrument Design Bureau,a Russian company
12587,P264,What music label is Hamza Namira represented by?,Answer: I don't know,I don't know,abstained,True,,,Awakening Records,a music label
10223,P175,Who performed Only One?,Answer: I don't know,I don't know,abstained,True,,,Shinhwa,a boy band
11531,P176,Which company is Caterpillar 345C L produced by?,Answer: I don't know,I don't know,abstained,True,,,Caterpillar Inc.,an American corporation
10979,P176,Which company is SS Oriana produced by?,Answer: I don't know,I don't know,abstained,True,,,Vickers-Armstrongs,British company
10034,P175,Who performed Wreck on the Highway?,Answer: I don't know,I don't know,abstained,True,,,Bruce Springsteen,an American rock singer
11644,P176,Which company is CH 100 Mono-Z produced by?,Answer: I don't know,I don't know,abstained,True,,,Zenair,Chris Heintz
4097,P50,Who is the author of Children of Zion?,Answer: I don't know,I don't know,abstained,True,,,Henryk Grynberg,a Polish writer
9386,P170,Who was Phantom 2040 created by?,Answer: I don't know,I don't know,abstained,True,,,Lee Falk,an American comics writer
5803,P112,Who founded House of Sverre?,Answer: Sverre I of Norway,Sverre I of Norway,answered,False,0.0,0.0,Sverre of Norway,a king
8796,P127,Who owns Black Isle Studios?,Answer: I don't know,I don't know,abstained,True,,,Interplay Entertainment,A company
8537,P127,Who owns MY Bob Barker?,Answer: I don't know,I don't know,abstained,True,,,Sea Shepherd Conservation Society,a non-profit organization
12265,P264,What music label is Thrust represented by?,Answer: I don't know,I don't know,abstained,True,,,Columbia Records,Sony Music Entertainment
12556,P264,What music label is Mostly Coltrane represented by?,Answer: I don't know,I don't know,abstained,True,,,ECM Records,German independent record label
5798,P112,Who founded Reger-Chor?,Answer: I don't know,I don't know,abstained,True,,,Gabriel Dessauer,A German
8632,P127,Who owns Tradewest?,Answer: I don't know,I don't know,abstained,True,,,Midway Games,an American video game company
4540,P50,Who is the author of Foreign Words?,Answer: I don't know,I don't know,abstained,True,,,Vassilis Alexakis,a Greek-French writer
8746,P127,Who owns Baraem?,Answer: I don't know,I don't know,abstained,True,,,Qatar Foundation,a Qatari organization
11372,P176,Which company is Aero L-59 Super Albatros produced by?,Answer: Aero Vodochody,Aero Vodochody,answered,False,0.0,0.0,AERO Vodochody Aerospace,A company
8044,P127,Who owns PlayStation?,Answer: Sony Interactive Entertainment,Sony Interactive Entertainment,answered,False,0.0,0.0,Sony Interactive Entertainment,A Japanese company
3888,P50,Who is the author of Royal Exile?,Answer: I don't know,I don't know,abstained,True,,,Fiona McIntosh,an Australian writer
11868,P264,What music label is Fly Through the Country represented by?,Answer: I don't know,I don't know,abstained,True,,,Flying Fish Records,Flying Fish Records
8034,P127,Who owns G.u.?,Answer: I don't know,I don't know,abstained,True,,,Fast Retailing,A Japanese company
11608,P176,Which company is Lotus Esprit produced by?,Answer: Aston Martin,Aston Martin,answered,False,,,Lotus Cars,British company
8912,P127,Who owns Pabellón Multiusos Fontes do Sar?,Answer: I don't know,I don't know,abstained,True,,,Santiago de Compostela,Spain
8399,P127,Who owns Kimiidera Athletic Stadium?,Answer: I don't know,I don't know,abstained,True,,,Wakayama Prefecture,Japan
4223,P50,Who is the author of Witch Baby?,Answer: I don't know,I don't know,abstained,True,,,Francesca Lia Block,an American children's writer
11055,P176,Which company is USS McKee produced by?,Answer: I don't know,I don't know,abstained,True,,,Consolidated Steel Corporation,a steelmaking and shipbuilding company
9748,P170,Who was Dick Grayson created by?,Answer: Bill Finger and Bob Kane,Bill Finger and Bob Kane,answered,False,0.0,0.0,Bob Kane,a comic book artist
8057,P127,Who owns Zap2it?,Answer: I don't know,I don't know,abstained,True,,,Tribune Media,an American media conglomerate
11764,P176,Which company is Daihatsu Sonica produced by?,Answer: Daihatsu,Daihatsu,answered,False,0.0,0.0,Daihatsu,automobile manufacturer
8581,P127,Who owns Palau Municipal d'Esports de Badalona?,Answer: I don't know,I don't know,abstained,True,,,Badalona,Spain
5651,P112,Who founded Al-Manar?,Answer: I don't know,I don't know,abstained,True,,,Rida Muhammad Rashid,a scholar and reformer
4850,P69,Where was George K. Favrot educated?,Answer: I don't know,I don't know,abstained,True,,,Louisiana State University,a public university
5937,P112,Who founded Cambridge University Press?,Answer: I don't know,I don't know,abstained,True,,,Henry VIII of England,a king
12253,P264,What music label is Aly & Fila represented by?,Answer: I don't know,I don't know,abstained,True,,,Armada Music,a music label
3847,P50,Who is the author of Abhirami Anthadhi?,Answer: I don't know,I don't know,abstained,True,,,Abirami Pattar,Indian
9995,P175,Who performed GAK?,Answer: I don't know,I don't know,abstained,True,,,Aphex Twin,a British electronic musician
8498,P127,Who owns Florida State Road 886?,Answer: I don't know,I don't know,abstained,True,,,Florida Department of Transportation,United States government
10668,P175,Who performed Loca People?,Answer: I don't know,I don't know,abstained,True,,,Sak Noel,a DJ
12469,P264,What music label is Oh My God represented by?,Answer: I don't know,I don't know,abstained,True,,,Drowned in Sound,a music label
5629,P112,Who founded Fiat S.p.A.?,Answer: Giovanni Agnelli,Giovanni Agnelli,answered,False,0.0,0.0,Giovanni Agnelli,an Italian entrepreneur
5625,P112,Who founded Capetian House of Anjou?,Answer: I don't know,I don't know,abstained,True,,,Charles I of Naples,a king
12319,P264,What music label is Mamasé represented by?,Answer: I don't know,I don't know,abstained,True,,,Studio 100,Belgian company
8200,P127,Who owns Histria Prince?,Answer: I don't know,I don't know,abstained,True,,,Histria Shipmanagement,a ship management company
4271,P50,Who is the author of Yakari?,Answer: I don't know,I don't know,abstained,True,,,Job,Job
11770,P176,Which company is Heckler & Koch P9 produced by?,Answer: Heckler & Koch,Heckler & Koch,answered,False,0.0,0.0,Heckler & Koch,a defense manufacturing company
9382,P170,Who was Happy Tree Friends created by?,Answer: I don't know,I don't know,abstained,True,,,Aubrey Ankrum,American graphic artist
8163,P127,Who owns Susquehanna?,Answer: I don't know,I don't know,abstained,True,,,Erie Railroad,a railroad company
11002,P176,Which company is Type 206 submarine produced by?,Answer: I don't know,I don't know,abstained,True,,,Howaldtswerke-Deutsche Werft,shipbuilding company
11958,P264,What music label is Marc Johnson represented by?,Answer: I don't know,I don't know,abstained,True,,,ECM Records,German independent record label
9544,P170,Who was Quarterlife created by?,Answer: I don't know,I don't know,abstained,True,,,Marshall Herskovitz,"a film and TV director, producer and writer"
11623,P176,Which company is C-130J Super Hercules produced by?,Answer: Lockheed Martin,Lockheed Martin,answered,False,0.0,0.0,Lockheed Martin,an aerospace and defense manufacturer
11892,P264,What music label is Ugetsu represented by?,Answer: I don't know,I don't know,abstained,True,,,Riverside Records,a music label
8715,P127,Who owns Rob Kidd?,Answer: I don't know,I don't know,abstained,True,,,The Walt Disney Company,an American multinational mass media company
8857,P127,Who owns SK Telecom?,Answer: SK Group,SK Group,answered,False,0.0,0.0,SK Group,a South Korean conglomerate
5956,P112,Who founded SELCO India?,Answer: Ashok Gadgil,Ashok Gadgil,answered,False,,,Harish Hande,a businessman
3756,P50,Who is the author of Ryūsei no Kizuna?,Answer: I don't know,I don't know,abstained,True,,,Keigo Higashino,a Japanese person
8027,P127,Who owns Pete Maravich Assembly Center?,Answer: The University of Georgia,The University of Georgia,answered,False,,,Louisiana State University,a public university
5791,P112,Who founded United States Karate Association?,Answer: I don't know,I don't know,abstained,True,,,Robert Trias,An American karateka
11326,P176,Which company is SNCF X 73900 produced by?,Answer: I don't know,I don't know,abstained,True,,,Alstom,a French company
4575,P50,Who is the author of La Grève des électeurs?,Answer: I don't know,I don't know,abstained,True,,,Octave Mirbeau,a French writer
11016,P176,Which company is ALCO RSD-7 produced by?,Answer: ALCO (American Locomotive Company),ALCO (American Locomotive Company),answered,False,0.0,0.0,American Locomotive Company,a locomotive company
8979,P170,Who was The Spanish Inquisition created by?,Answer: I don't know,I don't know,abstained,True,,,Monty Python,British group
8591,P127,Who owns United Artists Corporation?,Answer: I don't know,I don't know,abstained,True,,,Metro-Goldwyn-Mayer,a film and television company
8091,P127,Who owns Whipsnade Tree Cathedral?,Answer: I don't know,I don't know,abstained,True,,,National Trust,a non-profit organization
11701,P176,Which company is T-34 produced by?,Answer: I don't know,I don't know,abstained,True,,,Malyshev Factory,a state-owned company
12433,P264,What music label is Something Special represented by?,Answer: I don't know,I don't know,abstained,True,,,Columbia Records,A record label
8641,P127,Who owns Vedior?,Answer: I don't know,I don't know,abstained,True,,,Randstad N.V.,a Dutch company
8180,P127,Who owns Vancouver Sun?,Answer: Postmedia Network Canada Inc.,Postmedia Network Canada Inc.,answered,False,0.0,0.0,Postmedia Network,a Canadian media company
3816,P50,Who is the author of Henriade?,Answer: Voltaire,Voltaire,answered,False,0.0,0.0,Voltaire,a French writer
12005,P264,What music label is Greatest Hits represented by?,Answer: I don't know,I don't know,abstained,True,,,Columbia Records,Sony
10641,P175,Who performed The Rage: Original Motion Picture Soundtrack?,Answer: I don't know,I don't know,abstained,True,,,Midnight Syndicate,American musicians
10810,P176,Which company is MS Mega Express Four produced by?,Answer: I don't know,I don't know,abstained,True,,,Schichau Seebeckwerft,a German company
4380,P50,Who is the author of In Pharaoh's Army?,Answer: I don't know,I don't know,abstained,True,,,Tobias Wolff,A memoirist
8107,P127,Who owns MBC Action?,Answer: I don't know,I don't know,abstained,True,,,Middle East Broadcasting Center,A company
8306,P127,Who owns Pendle Express?,Answer: I don't know,I don't know,abstained,True,,,Johnston Press,a multimedia company
11244,P176,Which company is Volvo B18 engine produced by?,Answer: Volvo Cars,Volvo Cars,answered,False,0.0,0.0,Volvo Cars,a car company
10981,P176,Which company is PZL-230 Skorpion produced by?,"Answer: PZL-230 Skorpion was produced by PZL-Mielec, a Polish aircraft manufacturer.","PZL-230 Skorpion was produced by PZL-Mielec, a Polish aircraft manufacturer.",answered,False,0.0,0.0,PZL,a Polish company
4002,P50,Who is the author of A Saucer of Loneliness?,Answer: I don't know,I don't know,abstained,True,,,Theodore Sturgeon,"Theodore Hamilton Sturgeon Jr., an American speculative fiction writer"
10832,P176,Which company is Apple IIe Card produced by?,Answer: I don't know,I don't know,abstained,True,,,Apple Inc.,Apple
8524,P127,Who owns Yahoo!Xtra?,Answer: I don't know,I don't know,abstained,True,,,Spark New Zealand,a telecommunications company
5894,P112,Who founded Saint Michael's Castle?,Answer: I don't know,I don't know,abstained,True,,,Paul I of Russia,a Russian
11190,P176,Which company is HMS H24 produced by?,Answer: I don't know,I don't know,abstained,True,,,Vickers Limited,British company
11503,P176,Which company is MS Stena Superfast VIII produced by?,Answer: I don't know,I don't know,abstained,True,,,Howaldtswerke-Deutsche Werft,German company
12440,P264,What music label is Keď sa raz oči dohodnú represented by?,Answer: I don't know,I don't know,abstained,True,,,OPUS Records,a music label
4034,P50,Who is the author of Hour Game?,Answer: I don't know,I don't know,abstained,True,,,David Baldacci,American author
4858,P69,Where was Juan José Millás educated?,Answer: I don't know,I don't know,abstained,True,,,Complutense University of Madrid,Spain
5849,P112,Who founded HB Studio?,Answer: I don't know,I don't know,abstained,True,,,Herbert Berghof,an actor
11799,P264,What music label is A Death-Grip on Yesterday represented by?,Answer: I don't know,I don't know,abstained,True,,,Victory Records,Victory Records
5641,P112,Who founded Josephine Leavell Allensworth?,Answer: I don't know,I don't know,abstained,True,,,Allensworth,a place in California
8033,P127,Who owns CS Sovereign?,Answer: I don't know,I don't know,abstained,True,,,Global Marine Systems,A company
9984,P175,Who performed The Real One?,Answer: I don't know,I don't know,abstained,True,,,2 Live Crew,A group
12019,P264,What music label is Forgiven represented by?,Answer: I don't know,I don't know,abstained,True,,,Gotee Records,Gotee Records
8070,P127,Who owns Country Pure Foods?,Answer: I don't know,I don't know,abstained,True,,,Sapporo Breweries,A company
10982,P176,Which company is USCGC Polar Star produced by?,Answer: I don't know,I don't know,abstained,True,,,Lockheed Shipbuilding and Construction Company,Lockheed Corporation
11870,P264,What music label is Afraid represented by?,Answer: I don't know,I don't know,abstained,True,,,Columbia Records,Sony Music Entertainment
4209,P50,Who is the author of Blackstone Chronicles?,Answer: I don't know,I don't know,abstained,True,,,John Saul,American writer
11381,P176,Which company is Pentax *ist D produced by?,Answer: Pentax,Pentax,answered,False,0.0,0.0,Pentax,A company
11441,P176,Which company is Norwegian Sky produced by?,Answer: Norwegian Cruise Line,Norwegian Cruise Line,answered,False,,,Bremer Vulkan,shipbuilding company
11737,P176,Which company is Bofors 152 mm gun m/42 produced by?,Answer: Bofors,Bofors,answered,False,0.0,0.0,Bofors,a Swedish company
11860,P264,What music label is Huron (Canadian band) represented by?,Answer: I don't know,I don't know,abstained,True,,,Latent Recordings,a Canadian record label
3959,P50,Who is the author of The Conscious Mind?,Answer: David Chalmers,David Chalmers,answered,False,0.0,0.0,David Chalmers,cognitive scientist
3783,P50,Who is the author of In Another Light?,Answer: Daphne du Maurier,Daphne du Maurier,answered,False,,,Andrew Greig,a Scottish writer
9804,P170,Who was Julie Lescaut created by?,Answer: Alexandre Dumas,Alexandre Dumas,answered,False,,,Alexis Lecaye,Alexis Lecaye
12578,P264,What music label is You Are Not Alone represented by?,Answer: I don't know,I don't know,abstained,True,,,ANTI-,Sony Music Entertainment
12679,P264,What music label is Parting the Sea Between Brightness and Me represented by?,Answer: I don't know,I don't know,abstained,True,,,Deathwish Inc.,Deathwish Inc.
11013,P176,Which company is Erie Railroad L-1 produced by?,Answer: I don't know,I don't know,abstained,True,,,American Locomotive Company,a locomotive company
5319,P69,Where was Navin Dissanayake educated?,Answer: I don't know,I don't know,abstained,True,,,"Royal College, Colombo",Sri Lanka
5598,P112,Who founded Porsche Automobil Holding SE?,Answer: Ferdinand Porsche,Ferdinand Porsche,answered,False,0.0,0.0,Ferdinand Porsche,an Austrian-German
8019,P127,Who owns Bucharest Corporate Center?,Answer: I don't know,I don't know,abstained,True,,,Assicurazioni Generali,an insurance company
4653,P50,Who is the author of The Sleep of Reason?,Answer: I don't know,I don't know,abstained,True,,,Martin Day,British writer
11090,P176,Which company is USS Moonstone produced by?,Answer: I don't know,I don't know,abstained,True,,,Friedrich Krupp Germaniawerft,German company
4965,P69,Where was Jenny Boully educated?,Answer: I don't know,I don't know,abstained,True,,,University of Notre Dame,Catholic university
5955,P112,Who founded Vaasa?,Answer: I don't know,I don't know,abstained,True,,,Charles IX of Sweden,a Swedish monarch
10696,P175,Who performed Free Your Mind 33?,Answer: I don't know,I don't know,abstained,True,,,Dragon Ash,a group
11417,P176,Which company is USS Rochester produced by?,Answer: I don't know,I don't know,abstained,True,,,Bethlehem Steel,a shipbuilder
11517,P176,Which company is 10.5 cm Leichtgeschütz 42 produced by?,Answer: I don't know,I don't know,abstained,True,,,Rheinmetall AG,a German company
9886,P175,Who performed The Way I Live?,Answer: I don't know,I don't know,abstained,True,,,Baby Boy da Prince,American rapper
11924,P264,What music label is A Hero A Fake represented by?,Answer: I don't know,I don't know,abstained,True,,,Victory Records,Victory Records
8213,P127,Who owns South Peak Estate?,Answer: I don't know,I don't know,abstained,True,,,National Trust,a non-profit organization
7989,P127,Who owns Oberoi Trident?,Answer: Oberoi Trident is owned by The Oberoi Group.,Oberoi Trident is owned by The Oberoi Group.,answered,False,,,Oberoi Hotels & Resorts,a hotel group
10843,P176,Which company is SS Prinz Adalbert produced by?,Answer: I don't know,I don't know,abstained,True,,,Bremer Vulkan,German company
5780,P112,Who founded Volvo?,Answer: Assar Gabrielsson and Gustaf Larson,Assar Gabrielsson and Gustaf Larson,answered,False,,,SKF,a Swedish company
5009,P69,Where was Greg Henderson educated?,Answer: I don't know,I don't know,abstained,True,,,University of Otago,New Zealand
8407,P127,Who owns Randstad India?,"Answer: Randstad India is owned by Randstad Holding N.V., a multinational human resources services company based in the Netherlands.","Randstad India is owned by Randstad Holding N.V., a multinational human resources services company based in the Netherlands.",answered,False,0.0,0.0,Randstad N.V.,A company
11148,P176,Which company is USS Narragansett produced by?,Answer: I don't know,I don't know,abstained,True,,,William Cramp and Sons,a shipbuilder
11633,P176,Which company is HMAS Tongkol produced by?,Answer: I don't know,I don't know,abstained,True,,,Smiths Dock Company,shipbuilding company
8310,P127,Who owns Baksan hydroelectric power station?,Answer: I don't know,I don't know,abstained,True,,,RusHydro,a Russian company
3890,P50,Who is the author of Cognitive Surplus?,Answer: Clay Shirky,Clay Shirky,answered,False,0.0,0.0,Clay Shirky,a technology writer
8820,P127,Who owns Halethorpe?,Answer: I don't know,I don't know,abstained,True,,,Amtrak,a transportation company
8562,P127,Who owns Library of Birmingham?,Answer: The Library of Birmingham is owned by the City of Birmingham and managed by Birmingham City Council.,The Library of Birmingham is owned by the City of Birmingham and managed by Birmingham City Council.,answered,False,0.0,0.0,Birmingham City Council,a government body
9457,P170,Who was Galactus created by?,Answer: Stan Lee and Jack Kirby,Stan Lee and Jack Kirby,answered,False,0.0,0.0,Stan Lee,a comic book writer
9683,P170,Who was Drew Carey's Green Screen Show created by?,Answer: I don't know,I don't know,abstained,True,,,Drew Carey,an actor
8654,P127,Who owns Fox Sports?,"Answer: Fox Sports is owned by 21st Century Fox, which was acquired by Disney in 2019.","Fox Sports is owned by 21st Century Fox, which was acquired by Disney in 2019.",answered,False,,,Fox Sports Pty Limited,Australian business
12380,P264,What music label is In Concert – Brandeis University 1963 represented by?,Answer: I don't know,I don't know,abstained,True,,,Columbia Records,Sony Music Entertainment
9572,P170,Who was Space Cats created by?,Answer: I don't know,I don't know,abstained,True,,,Paul Fusco,a puppeteer
12071,P264,What music label is Valerie Wellington represented by?,Answer: I don't know,I don't know,abstained,True,,,Flying Fish Records,Flying Fish Records
4102,P50,Who is the author of Honor Among Enemies?,Answer: I don't know,I don't know,abstained,True,,,David Weber,American writer
10549,P175,Who performed Jason Isbell and The 400 Unit?,Answer: I don't know,I don't know,abstained,True,,,Jason Isbell,American singer-songwriter and guitarist
11583,P176,Which company is Brennabor Typ C produced by?,Answer: I don't know,I don't know,abstained,True,,,Brennabor,German company
12576,P264,What music label is Saint Low represented by?,Answer: I don't know,I don't know,abstained,True,,,Cooking Vinyl,a music label
11842,P264,What music label is Ricky Martin represented by?,Answer: I don't know,I don't know,abstained,True,,,Columbia Records,Sony Music Entertainment
12075,P264,What music label is The Jelly Jam 2 represented by?,Answer: I don't know,I don't know,abstained,True,,,Inside Out Music,a music label
10856,P176,Which company is Aerocar produced by?,Answer: Aerocar is not currently produced by any major company as it is a concept vehicle that has been developed and redeveloped over several decades.,Aerocar is not currently produced by any major company as it is a concept vehicle that has been developed and redeveloped over several decades.,answered,False,,,Aerocar International,an aircraft manufacturer
9342,P170,Who was Duckman created by?,Answer: MacFarlane Brothers,MacFarlane Brothers,answered,False,,,Everett Peck,an artist
4673,P50,Who is the author of L game?,Answer: I don't know,I don't know,abstained,True,,,Edward de Bono,a Maltese
8710,P127,Who owns Duquesne Baseball Field?,Answer: I don't know,I don't know,abstained,True,,,Duquesne University,A school
10988,P176,Which company is ZIL-130 produced by?,Answer: GAZ,GAZ,answered,False,,,ZiL,a Russian company
3806,P50,Who is the author of O dia das calças roladas?,Answer: I don't know,I don't know,abstained,True,,,Germano Almeida,a Cape Verdean writer
9345,P170,Who was This Is England '86 created by?,Answer: I don't know,I don't know,abstained,True,,,Shane Meadows,a film director
12036,P264,What music label is Moscow Penny Ante represented by?,Answer: I don't know,I don't know,abstained,True,,,Fat Wreck Chords,Fat Wreck Chords
8826,P127,Who owns Cross-Harbour Tunnel?,Answer: I don't know,I don't know,abstained,True,,,Government of Hong Kong,China
10293,P175,Who performed Birrkuta – Wild Honey?,Answer: I don't know,I don't know,abstained,True,,,Yothu Yindi,musical group
8155,P127,Who owns Riddle–Pace Field?,Answer: I don't know,I don't know,abstained,True,,,Troy University,Troy University
8723,P127,Who owns BeritaSatu Media Holdings?,Answer: BeritaSatu Media Holdings is owned by the Ong family.,BeritaSatu Media Holdings is owned by the Ong family.,answered,False,,,Lippo Group,a multinational conglomerate
8766,P127,Who owns EnergyAustralia?,Answer: I don't know,I don't know,abstained,True,,,Government of New South Wales,A government in Australia
12340,P264,What music label is Fantasy 4ever represented by?,Answer: I don't know,I don't know,abstained,True,,,Sony Music,Sony
12526,P264,What music label is Le Vibrazioni represented by?,Answer: I don't know,I don't know,abstained,True,,,BMG Rights Management,a music label
8960,P127,Who owns Vivendi Games?,Answer: Vivendi Games does not exist as a standalone entity; it was a division of Vivendi until 2015 when Vivendi sold its gaming,Vivendi Games does not exist as a standalone entity; it was a division of Vivendi until 2015 when Vivendi sold its gaming,answered,False,0.0,0.0,Vivendi,a mass media company
11071,P176,Which company is Packard Super Eight produced by?,Answer: I don't know,I don't know,abstained,True,,,Packard,an automotive manufacturer
4247,P50,Who is the author of Writing Drama?,Answer: I don't know,I don't know,abstained,True,,,Yves Lavandier,a film director
8580,P127,Who owns Nat Geo Music?,Answer: National Geographic Society,National Geographic Society,answered,False,,,Fox International Channels,The Walt Disney Company
11721,P176,Which company is Aviatik B.III produced by?,Answer: Aviatik,Aviatik,answered,False,0.0,0.0,Aviatik,aircraft manufacturer
11053,P176,Which company is Suzuki SV 650 produced by?,Answer: Suzuki,Suzuki,answered,False,0.0,0.0,Suzuki,automotive corporation
11310,P176,Which company is ALCO RSD-1 produced by?,Answer: ALCO (American Locomotive Company),ALCO (American Locomotive Company),answered,False,0.0,0.0,American Locomotive Company,a locomotive company
4005,P50,Who is the author of Corpse Marker?,Answer: I don't know,I don't know,abstained,True,,,Chris Boucher,a British writer
10877,P176,Which company is Boddingtons Bitter produced by?,Answer: I don't know,I don't know,abstained,True,,,Anheuser-Busch InBev,a multinational beverage and brewing company
12696,P264,"What music label is So Long, Astoria represented by?",Answer: I don't know,I don't know,abstained,True,,,Columbia Records,Sony Music Entertainment
9122,P170,Who was Pyaar Ka Dard Hai created by?,Answer: I don't know,I don't know,abstained,True,,,Rajshri Productions,an Indian film production and distribution company
11758,P176,Which company is German submarine U-133 (1941) produced by?,Answer: I don't know,I don't know,abstained,True,,,Bremer Vulkan,German company
11687,P176,Which company is HP PhotoSmart R607 produced by?,Answer: I don't know,I don't know,abstained,True,,,Hewlett-Packard,American information technology company
12434,P264,What music label is Barry Adamson represented by?,Answer: I don't know,I don't know,abstained,True,,,Mute Records,British independent record label
4633,P50,Who is the author of Clericis laicos?,Answer: Pope Innocent IV,Pope Innocent IV,answered,False,1.0,1.0,Boniface VIII,a religious leader
4934,P69,Where was Sharon J. Merchant educated?,Answer: I don't know,I don't know,abstained,True,,,Florida State University,a public university
9514,P170,Who was Kaiba created by?,Answer: I don't know,I don't know,abstained,True,,,Masaaki Yuasa,a Japanese person
11495,P176,Which company is Brennabor Juwel 8 produced by?,Answer: I don't know,I don't know,abstained,True,,,Brennabor,German company
11819,P264,What music label is Relativity Suite represented by?,Answer: I don't know,I don't know,abstained,True,,,Jazz Composer's Orchestra,Jazz Composer's Orchestra
4427,P50,Who is the author of Thirty-Three Teeth?,Answer: I don't know,I don't know,abstained,True,,,Colin Cotterill,Colin Cotterill
8650,P127,Who owns Supermercados Gigante?,Answer: I don't know,I don't know,abstained,True,,,Soriana,Soriana
9185,P170,Who was Mr. Smithers created by?,Answer: I don't know,I don't know,abstained,True,,,Matt Groening,a cartoonist
8761,P127,Who owns The Doon School Weekly?,Answer: I don't know,I don't know,abstained,True,,,The Doon School,An educational institution
5756,P112,Who founded Knoll?,Answer: I don't know,I don't know,abstained,True,,,Florence Knoll,an architect
5365,P69,Where was Ken Ishii educated?,Answer: I don't know,I don't know,abstained,True,,,Hitotsubashi University,Japan
5704,P112,Who founded IRFE?,Answer: I don't know,I don't know,abstained,True,,,Felix Yusupov,a Russian
3822,P50,Who is the author of Sefer Hasidim?,Answer: I don't know,I don't know,abstained,True,,,Judah ben Samuel of Regensburg,German
6018,P112,Who founded Kinner Airplane & Motor Corporation?,Answer: I don't know,I don't know,abstained,True,,,Bert Kinner,an American
8702,P127,Who owns Prince Kuhio Federal Building?,Answer: I don't know,I don't know,abstained,True,,,Federal Government of the United States of America,Government of the United States of America
10962,P176,Which company is Colt Pocket Percussion Revolvers produced by?,Answer: I don't know,I don't know,abstained,True,,,Colt's Manufacturing Company,firearms manufacturer
4235,P50,Who is the author of The Green Collar Economy?,Answer: Paul Hawken,Paul Hawken,answered,False,,,Van Jones,an American
8189,P127,Who owns James J. McCann Baseball Field?,Answer: I don't know,I don't know,abstained,True,,,Marist College,A school
4936,P69,Where was Ouyang Tzu educated?,Answer: I don't know,I don't know,abstained,True,,,National Taiwan University,Taiwan
9554,P170,Who was Davros created by?,Answer: I don't know,I don't know,abstained,True,,,Terry Nation,a television writer
9496,P170,Who was Voyagers! created by?,Answer: I don't know,I don't know,abstained,True,,,James D. Parriott,"James D. Parriott, Philip DeGuere, and Michael Piller"
8343,P127,Who owns Köstritzer?,Answer: I don't know,I don't know,abstained,True,,,Bitburger Brauerei,a brewery
8333,P127,Who owns Irish Distillers?,Answer: Irish Distillers is owned by Pernod Ricard.,Irish Distillers is owned by Pernod Ricard.,answered,False,0.0,0.0,Pernod Ricard,a French company
8054,P127,Who owns Celtic Park?,Answer: Glasgow City Council,Glasgow City Council,answered,False,,,Derry GAA,organization
5834,P112,Who founded Rolex?,Answer: Hans Wilsdorf,Hans Wilsdorf,answered,False,0.0,0.0,Hans Wilsdorf,A German
11411,P176,Which company is Saab 29 Tunnan produced by?,Answer: Saab,Saab,answered,False,0.0,0.0,Saab Group,a Swedish company
8690,P127,Who owns Disney English?,Answer: I don't know,I don't know,abstained,True,,,Disney Publishing Worldwide,Disney Consumer Products and Interactive Media
8058,P127,Who owns Miller Park?,Answer: I don't know,I don't know,abstained,True,,,Milwaukee Brewers,a sports team
9867,P175,Who performed Nino Rota discography?,Answer: I don't know,I don't know,abstained,True,,,Nino Rota,Composer
8344,P127,Who owns Biemesderfer Stadium?,Answer: I don't know,I don't know,abstained,True,,,Millersville University of Pennsylvania,Millersville University of Pennsylvania
9673,P170,Who was The Off-Beats created by?,Answer: I don't know,I don't know,abstained,True,,,Mo Willems,a children's books illustrator and writer
4189,P50,Who is the author of Pingyao Zhuan?,Answer: I don't know,I don't know,abstained,True,,,Luo Guanzhong,a Chinese writer
9167,P170,Who was Doom engine created by?,Answer: id Software,id Software,answered,False,1.0,1.0,John Carmack,American computer programmer and video game developer
8398,P127,Who owns McPherson Stadium?,Answer: I don't know,I don't know,abstained,True,,,McPherson College,A college
4383,P50,"Who is the author of Double, Double?",Answer: I don't know,I don't know,abstained,True,,,Michael Jan Friedman,Michael Jan Friedman
4504,P50,Who is the author of Hackers & Painters?,Answer: Paul Graham,Paul Graham,answered,False,0.0,0.0,Paul Graham,essayist
11486,P176,Which company is PKP class Ok22 produced by?,Answer: I don't know,I don't know,abstained,True,,,Hanomag,a German company
5119,P69,Where was Dilsa Demirbag Sten educated?,Answer: I don't know,I don't know,abstained,True,,,Stockholm University,a university in Sweden
4547,P50,Who is the author of Apollo's Song?,Answer: I don't know,I don't know,abstained,True,,,Osamu Tezuka,a Japanese person
11134,P176,Which company is Italian destroyer Audace produced by?,Answer: I don't know,I don't know,abstained,True,,,Yarrow Shipbuilders,a shipbuilder
4578,P50,Who is the author of Life and Death in Shanghai?,Answer: I don't know,I don't know,abstained,True,,,Nien Cheng,a Chinese writer
5881,P112,Who founded Mary Kay?,Answer: Mary Kay Ash,Mary Kay Ash,answered,False,0.0,0.0,Mary Kay Ash,an entrepreneur
8357,P127,Who owns Boston Dynamics?,Answer: Alphabet Inc.,Alphabet Inc.,answered,False,1.0,1.0,Google,A company
12290,P264,What music label is Do Nothing 'til You Hear from Me represented by?,Answer: I don't know,I don't know,abstained,True,,,Riverside Records,Riverside Records
8281,P127,Who owns Hyatt Center?,Answer: I don't know,I don't know,abstained,True,,,Irvine Company,A company
4070,P50,Who is the author of Igrot Kodesh?,"Answer: Igrot Kodesh is a collection of letters written by Rabbi Menachem Mendel Schneerson, also known as the Lubavitcher","Igrot Kodesh is a collection of letters written by Rabbi Menachem Mendel Schneerson, also known as the Lubavitcher",answered,False,0.0,0.0,Menachem Mendel Schneerson,a religious leader
8675,P127,Who owns Italia Oggi?,Answer: I don't know,I don't know,abstained,True,,,Class Editori,an Italian media company
5159,P69,Where was Tomihisa Taue educated?,Answer: I don't know,I don't know,abstained,True,,,Kyushu University,a university in Japan
5875,P112,Who founded Daniel Langlois Foundation?,Answer: Daniel Langlois,Daniel Langlois,answered,False,0.0,0.0,Daniel Langlois,A Quebec computer graphics pioneer and businessman
3943,P50,Who is the author of The Moffats?,Answer: Eleanor H. Porter,Eleanor H. Porter,answered,False,,,Eleanor Estes,an American children's writer
4095,P50,Who is the author of A Calculus of Angels?,Answer: I don't know,I don't know,abstained,True,,,Gregory Keyes,a science fiction writer
11265,P176,Which company is Noble M15 produced by?,Answer: Noble M15 is produced by ASUS.,Noble M15 is produced by ASUS.,answered,False,0.0,0.0,Noble,British company
12154,P264,What music label is The Seekers represented by?,Answer: I don't know,I don't know,abstained,True,,,W&G Records,recording company
10890,P176,Which company is HMS Ethalion produced by?,Answer: I don't know,I don't know,abstained,True,,,Woolwich Dockyard,British government
10926,P176,Which company is Hiro Type 91 produced by?,Answer: I don't know,I don't know,abstained,True,,,Hiro Naval Arsenal,"Hiro Naval Arsenal, Ltd., Japan, Asia"
11899,P264,What music label is Jimmy Barnes represented by?,Answer: I don't know,I don't know,abstained,True,,,Mushroom Records,Australian record label
11225,P176,Which company is Saturn AL-31 produced by?,Answer: I don't know,I don't know,abstained,True,,,NPO Saturn,a Russian company
12527,P264,What music label is Tash represented by?,Answer: I don't know,I don't know,abstained,True,,,Sony Music,Sony
9434,P170,Who was Ferb Fletcher created by?,"Answer: Dan Povenmire and Jeff ""Swampy"" Marsh","Dan Povenmire and Jeff ""Swampy"" Marsh",answered,False,1.0,1.0,Dan Povenmire,"American television director, writer, producer, storyboard artist, and actor"
8577,P127,Who owns JASDAQ Securities Exchange?,Answer: JASDAQ Securities Exchange is owned by Tokyo Stock Exchange Inc.,JASDAQ Securities Exchange is owned by Tokyo Stock Exchange Inc.,answered,False,0.0,0.0,Tokyo Stock Exchange,a stock exchange
11571,P176,Which company is Dayton-Wright Racer produced by?,Answer: Dayton-Wright Aeronautical Company,Dayton-Wright Aeronautical Company,answered,False,0.0,0.0,Dayton-Wright,Wright Aeronautical
11521,P176,Which company is HMS Echo (H87) produced by?,Answer: I don't know,I don't know,abstained,True,,,Appledore Shipbuilders,a shipbuilder
12586,P264,What music label is S.O.N.O.G.R.A.M. represented by?,Answer: I don't know,I don't know,abstained,True,,,One Be Lo,American rapper
8768,P127,Who owns Yanagimoto Station?,Answer: I don't know,I don't know,abstained,True,,,West Japan Railway Company,A company
4113,P50,Who is the author of One of the Family?,Answer: I don't know,I don't know,abstained,True,,,Monica Dickens,Monica Enid Dickens OBE
8938,P127,Who owns Priboj City Stadium?,Answer: I don't know,I don't know,abstained,True,,,Priboj,a town in Europe
9182,P170,Who was Found created by?,Answer: I don't know,I don't know,abstained,True,,,Dante Gabriel Rossetti,a poet
11266,P176,Which company is Victor produced by?,Answer: I don't know,I don't know,abstained,True,,,Handley Page,an aircraft manufacturer
4304,P50,Who is the author of The Secrets of Harry Bright?,Answer: I don't know,I don't know,abstained,True,,,Joseph Wambaugh,American writer
12473,P264,What music label is Brandi Carlile represented by?,Answer: Columbia Records,Columbia Records,answered,False,0.0,0.0,Columbia Records,Sony
12589,P264,What music label is Third Day represented by?,Answer: I don't know,I don't know,abstained,True,,,Reunion Records,Christian record label
11772,P176,Which company is MV Akademik Karpinsky produced by?,Answer: I don't know,I don't know,abstained,True,,,Nordseewerke,a German company
8133,P127,Who owns Montgomery High School?,Answer: I don't know,I don't know,abstained,True,,,Santa Rosa City Schools,A government agency
12377,P264,What music label is Matador/Da Frame 2R represented by?,Answer: I don't know,I don't know,abstained,True,,,Domino Recording Company,Domino Recording Company
11162,P176,Which company is PZL M-24 Dromader Super produced by?,"Answer: PZL M-24 Dromader Super was produced by PZL Warszawa, which was a Polish aircraft manufacturer.","PZL M-24 Dromader Super was produced by PZL Warszawa, which was a Polish aircraft manufacturer.",answered,False,,,PZL Mielec,an aerospace manufacturer
8684,P127,Who owns Seven Network?,Answer: Seven Network is owned by Seven West Media Limited.,Seven Network is owned by Seven West Media Limited.,answered,False,0.0,0.0,Seven West Media,A media company
10807,P176,Which company is Vickers K produced by?,Answer: Vickers K engines were produced by Vickers-Armstrongs Limited.,Vickers K engines were produced by Vickers-Armstrongs Limited.,answered,False,0.0,0.0,Vickers-Armstrongs,British engineering company
6016,P112,Who founded Bob's?,Answer: I don't know,I don't know,abstained,True,,,Bob Falkenburg,a tennis player
11689,P176,Which company is Arrinera Hussarya produced by?,Answer: I don't know,I don't know,abstained,True,,,Arrinera,a Polish carmaker
11328,P176,Which company is HMS Hero produced by?,Answer: HMS Hero is not a product of any company; it appears to be a misspelling or confusion with another term or product name.,HMS Hero is not a product of any company; it appears to be a misspelling or confusion with another term or product name.,answered,False,,,Deptford Dockyard,British government
4224,P50,Who is the author of Knuffle Bunny Too: A Case of Mistaken Identity?,Answer: Mo Willems,Mo Willems,answered,False,0.0,0.0,Mo Willems,an American children's books illustrator and writer
12489,P264,What music label is Morcheeba represented by?,Answer: I don't know,I don't know,abstained,True,,,Play It Again Sam,Anglo-Belgian independent record label
8785,P127,Who owns ESPN Dos?,Answer: ESPN Inc.,ESPN Inc.,answered,False,1.0,1.0,ESPN International,The Walt Disney Company
9341,P170,Who was Neil's Puppet Dreams created by?,Answer: I don't know,I don't know,abstained,True,,,Neil Patrick Harris,an actor
12261,P264,What music label is Paradise Discotheque represented by?,Answer: I don't know,I don't know,abstained,True,,,Mute Records,British independent record label
5667,P112,Who founded XMOS?,Answer: I don't know,I don't know,abstained,True,,,David May,A British computer scientist
3937,P50,Who is the author of Jommeke?,"Answer: Jommeke does not have a single author but is a series of comics created by various Belgian cartoonists under the collective pseudonym ""Johan","Jommeke does not have a single author but is a series of comics created by various Belgian cartoonists under the collective pseudonym ""Johan",answered,False,3.0,3.0,Jef Nys,a Belgian
8956,P127,Who owns Fox Sports North?,"Answer: Fox Sports North is owned by Fox Sports LLC, which is a subsidiary of 21st Century Fox (now part of Sky plc).","Fox Sports North is owned by Fox Sports LLC, which is a subsidiary of 21st Century Fox (now part of Sky plc).",answered,False,,,Fox Entertainment Group,American entertainment company
10905,P176,Which company is German submarine U-308 produced by?,Answer: I don't know,I don't know,abstained,True,,,Flender Werke,a German company
11157,P176,Which company is St. Louis–San Francisco 4003 produced by?,Answer: I don't know,I don't know,abstained,True,,,American Locomotive Company,a locomotive company
4153,P50,Who is the author of Liezi?,Answer: I don't know,I don't know,abstained,True,,,Lie Yukou,a Chinese person
5283,P69,Where was John Schickel educated?,Answer: I don't know,I don't know,abstained,True,,,Northern Kentucky University,a public university
8842,P127,Who owns Histria Giada?,Answer: I don't know,I don't know,abstained,True,,,Histria Shipmanagement,a ship management company
8608,P127,Who owns Euroset?,Answer: I don't know,I don't know,abstained,True,,,MegaFon,a telecommunication provider
5701,P112,Who founded ZF Friedrichshafen AG?,Answer: Carl Benz and Willy Messerschmitt,Carl Benz and Willy Messerschmitt,answered,False,,,Ferdinand von Zeppelin,a German
8739,P127,Who owns West Side Park?,Answer: I don't know,I don't know,abstained,True,,,Chicago Cubs,a sports team
8624,P127,Who owns Aberdulais Falls?,Answer: I don't know,I don't know,abstained,True,,,National Trust,a non-profit organization
12398,P264,What music label is Welcome to Secret Time represented by?,Answer: I don't know,I don't know,abstained,True,,,Sony Music Entertainment Japan,Sony
5750,P112,Who founded SexyMandarin?,Answer: I don't know,I don't know,abstained,True,,,Michael Gleissner,A German actor and film producer
9335,P170,Who was Scrooge McDuck created by?,Answer: Carl Barks,Carl Barks,answered,False,0.0,0.0,Carl Barks,an American
4398,P50,Who is the author of Culture series?,Answer: I don't know,I don't know,abstained,True,,,Iain Banks,a Scottish writer
12028,P264,What music label is Placer Found represented by?,Answer: I don't know,I don't know,abstained,True,,,Western Vinyl,"Western Vinyl Records, LLC."
11548,P176,Which company is German submarine U-207 produced by?,Answer: I don't know,I don't know,abstained,True,,,Friedrich Krupp Germaniawerft,German company
8123,P127,Who owns Yerevan Brandy Company?,Answer: I don't know,I don't know,abstained,True,,,Pernod Ricard,a French company
3914,P50,"Who is the author of Vera; or, The Nihilists?",Answer: Fyodor Dostoevsky,Fyodor Dostoevsky,answered,False,,,Oscar Wilde,a poet
4927,P69,Where was Aslan Gahramanly educated?,Answer: I don't know,I don't know,abstained,True,,,Baku State University,Azerbaijan
10942,P176,Which company is Suzuki GSV-R produced by?,Answer: Suzuki,Suzuki,answered,False,0.0,0.0,Suzuki,automotive corporation
9132,P170,Who was Lady in white (Toorop) created by?,Answer: I don't know,I don't know,abstained,True,,,Jan Toorop,a Dutch-Indonesian painter
3932,P50,Who is the author of The Newton Letter?,Answer: I don't know,I don't know,abstained,True,,,John Banville,an Irish writer
11408,P176,Which company is Nomad produced by?,Answer: I don't know,I don't know,abstained,True,,,Government Aircraft Factories,an aerospace manufacturer
8088,P127,Who owns Morupule Colliery?,Answer: I don't know,I don't know,abstained,True,,,Debswana,Debswana
9376,P170,Who was Susan Banner created by?,Answer: I don't know,I don't know,abstained,True,,,Bill Mantlo,a comic book writer
8339,P127,Who owns Google Ads?,Answer: Alphabet Inc.,Alphabet Inc.,answered,False,1.0,1.0,Google,Alphabet Inc.
9842,P175,Who performed Use Your Heart?,Answer: I don't know,I don't know,abstained,True,,,SWV,an American R&B vocal group
5971,P112,Who founded Adyar Library?,Answer: I don't know,I don't know,abstained,True,,,Henry Steel Olcott,a Union United States Army officer
11228,P176,Which company is Suzuki DR-Z400 produced by?,Answer: Suzuki,Suzuki,answered,False,0.0,0.0,Suzuki,automotive corporation
12131,P264,What music label is Brand New Lover represented by?,Answer: I don't know,I don't know,abstained,True,,,Epic,a music label
8196,P127,Who owns Wingspan Bank?,Answer: I don't know,I don't know,abstained,True,,,Bank One Corporation,a financial institution
11914,P264,What music label is Moon & the Sky represented by?,Answer: I don't know,I don't know,abstained,True,,,Mute Records,British independent record label
8354,P127,Who owns Edinburgh Waverley railway station?,Answer: Network Rail,Network Rail,answered,False,0.0,0.0,Network Rail,The British government
8242,P127,Who owns Super Écran?,Answer: I don't know,I don't know,abstained,True,,,Bell Media,a Canadian media company
10212,P175,Who performed Born Is The King?,Answer: I don't know,I don't know,abstained,True,,,Hillsong Church,A religious organization
3956,P50,Who is the author of The Twelve?,Answer: I don't know,I don't know,abstained,True,,,Chris Weston,a comics artist
5653,P112,Who founded Harcourt Butler Technical University?,Answer: I don't know,I don't know,abstained,True,,,Harcourt Butler,a British colonial administrator
3882,P50,Who is the author of Demon Theory?,Answer: I don't know,I don't know,abstained,True,,,Stephen Graham Jones,a Native American author
8168,P127,Who owns Honsellstrasse Stadion?,Answer: I don't know,I don't know,abstained,True,,,Karlsruher SC,a sport club
11654,P176,Which company is Pappy Van Winkle's Family Reserve produced by?,Answer: I don't know,I don't know,abstained,True,,,Sazerac Company,Sazerac Company
4188,P50,Who is the author of The Reich Chancellery and Führerbunker Complex?,Answer: I don't know,I don't know,abstained,True,,,Steven Lehrer,a physician
8285,P127,Who owns Google Patents?,Answer: Google LLC,Google LLC,answered,False,0.0,0.0,Google,Alphabet Inc.
10971,P176,Which company is HSV-2 Swift produced by?,Answer: I don't know,I don't know,abstained,True,,,Incat,a shipbuilder
5911,P112,Who founded Kan'ei-ji?,Answer: I don't know,I don't know,abstained,True,,,Tenkai,A buddhist monk
4154,P50,Who is the author of Un gentilhomme?,Answer: I don't know,I don't know,abstained,True,,,Octave Mirbeau,a French writer
12726,P264,What music label is Kontraritam represented by?,Answer: I don't know,I don't know,abstained,True,,,Jugoton,Jugoton
12125,P264,"What music label is Hardcore Breakout USA 1,2,3,... represented by?",Answer: I don't know,I don't know,abstained,True,,,New Red Archives,New Red Archives
10690,P175,Who performed Sex Over the Phone?,Answer: I don't know,I don't know,abstained,True,,,Village People,a group
4442,P50,Who is the author of Félicie?,Answer: Honoré de Balzac,Honoré de Balzac,answered,False,,,Pierre de Marivaux,a French writer
3926,P50,Who is the author of Threadsuns?,Answer: I don't know,I don't know,abstained,True,,,Paul Celan,a poet
10974,P176,Which company is LIV (SO) Serval produced by?,Answer: I don't know,I don't know,abstained,True,,,Rheinmetall AG,a German company
4046,P50,Who is the author of The Long Christmas Ride Home?,Answer: I don't know,I don't know,abstained,True,,,Paula Vogel,playwright
3865,P50,Who is the author of Winterset?,Answer: Marc Blitzstein,Marc Blitzstein,answered,False,,,Maxwell Anderson,American writer
12468,P264,What music label is The Essential Santana represented by?,Answer: I don't know,I don't know,abstained,True,,,Columbia Records,Sony Music Entertainment
9331,P170,"Who was The Biggest Loser Australia, season 2 created by?",Answer: I don't know,I don't know,abstained,True,,,NBC,media company
8600,P127,Who owns Odakyu Group?,Answer: I don't know,I don't know,abstained,True,,,Odakyu Electric Railway,A Japanese company
6001,P112,Who founded Lawrance Aero Engine Company?,Answer: I don't know,I don't know,abstained,True,,,Charles Lawrance,an American
8172,P127,Who owns The Russian Public Opinion Herald?,Answer: I don't know,I don't know,abstained,True,,,Levada Center,a Russian organization
4705,P50,Who is the author of Theriaca?,Answer: I don't know,I don't know,abstained,True,,,Nicander,A Greek
8714,P127,Who owns Stadionul Cetate?,Answer: I don't know,I don't know,abstained,True,,,Alba Iulia,Romania
12714,P264,What music label is Let My Children Hear Music represented by?,Answer: I don't know,I don't know,abstained,True,,,Columbia Records,Sony Music Entertainment
8734,P127,"Who owns Activision Publishing, Inc.?","Answer: Activision Blizzard owns Activision Publishing, Inc.","Activision Blizzard owns Activision Publishing, Inc.",answered,False,0.0,0.0,Activision Blizzard,an American video game company
8325,P127,Who owns SS Calgaric?,Answer: I don't know,I don't know,abstained,True,,,White Star Line,a shipping company
8378,P127,Who owns MV Derbyshire?,Answer: I don't know,I don't know,abstained,True,,,Bibby Line,a shipping company
8328,P127,Who owns Colas Rail?,Answer: I don't know,I don't know,abstained,True,,,Colas Group,A business
5753,P112,Who founded Moulin Rouge?,Answer: Charles Zidler and Joseph Oller,Charles Zidler and Joseph Oller,answered,False,0.0,0.0,Joseph Oller,a businessman
8630,P127,Who owns iStockphoto?,Answer: Shutterstock,Shutterstock,answered,False,,,Getty Images,a photo agency
5714,P112,Who founded NBNK?,Answer: I don't know,I don't know,abstained,True,,,"Peter Levene, Baron Levene of Portsoken",a British businessman
11756,P176,Which company is German submarine U-760 produced by?,Answer: I don't know,I don't know,abstained,True,,,Kriegsmarinewerft Wilhelmshaven,Kriegsmarine
5059,P69,Where was Atsushi Watanabe educated?,Answer: I don't know,I don't know,abstained,True,,,Komazawa University,Japan
4181,P50,Who is the author of Grits?,Answer: I don't know,I don't know,abstained,True,,,Niall Griffiths,a British writer
12400,P264,What music label is Everyday I Love You Less and Less represented by?,Answer: I don't know,I don't know,abstained,True,,,B-Unique Records,B-Unique Records
12146,P264,What music label is Alabama Concerto represented by?,Answer: I don't know,I don't know,abstained,True,,,Riverside Records,Riverside Records
12053,P264,What music label is This Is What I Do represented by?,Answer: I don't know,I don't know,abstained,True,,,Milestone Records,Milestone Records
4270,P50,Who is the author of Bard: The Odyssey of the Irish?,Answer: I don't know,I don't know,abstained,True,,,Morgan Llywelyn,an Irish writer
8474,P127,Who owns Disney Mobile?,Answer: I don't know,I don't know,abstained,True,,,The Walt Disney Company,An American multinational mass media company
10834,P176,Which company is Diamond DA20 produced by?,Answer: Diamond Aircraft Industries,Diamond Aircraft Industries,answered,False,0.0,0.0,Diamond Aircraft Industries,an aircraft manufacturer
8484,P127,Who owns Estadio Ruta de la Plata?,Answer: I don't know,I don't know,abstained,True,,,Zamora,Spain
5668,P112,Who founded Eric Carle Museum of Picture Book Art?,Answer: Eric Carle,Eric Carle,answered,False,0.0,0.0,Eric Carle,an American author and illustrator for children
3892,P50,Who is the author of Dharmarajyam?,Answer: I don't know,I don't know,abstained,True,,,Vaikom Muhammad Basheer,Indian author
5940,P112,Who founded Regius Professor of Civil Engineering and Mechanics?,Answer: I don't know,I don't know,abstained,True,,,Queen Victoria I,a monarch
9301,P170,Who was Ryūsei no Kizuna created by?,Answer: I don't know,I don't know,abstained,True,,,Keigo Higashino,a Japanese person
11621,P176,Which company is Hudson Greater Eight produced by?,Answer: I don't know,I don't know,abstained,True,,,Hudson Motor Car Company,an auto manufacturer
8016,P127,Who owns Metro Cash & Carry?,Answer: I don't know,I don't know,abstained,True,,,Metro AG,a German company
12664,P264,What music label is Bites represented by?,Answer: I don't know,I don't know,abstained,True,,,Nettwerk,a Canadian record label
12557,P264,What music label is Alexander Tucker represented by?,Answer: I don't know,I don't know,abstained,True,,,ATP Recordings,British independent record label
11366,P176,Which company is Packard Patrician produced by?,Answer: I don't know,I don't know,abstained,True,,,Packard,Chrysler Corporation
4593,P50,Who is the author of Ruin Explorers?,Answer: I don't know,I don't know,abstained,True,,,Kunihiko Tanaka,a Japanese person
8302,P127,Who owns MS Moondance?,Answer: I don't know,I don't know,abstained,True,,,Seatruck Ferries,a UK-based freight-only ferry company
4120,P50,Who is the author of Mermaid Melody Pichi Pichi Pitch?,Answer: I don't know,I don't know,abstained,True,,,Michiko Yokote,Japanese person
4636,P50,Who is the author of General Winston's Daughter?,Answer: I don't know,I don't know,abstained,True,,,Sharon Shinn,an American science fiction writer
9526,P170,Who was Yam Roll created by?,Answer: I don't know,I don't know,abstained,True,,,Jono Howard,Jono Howard
8755,P127,Who owns Wikitravel?,Answer: I don't know,I don't know,abstained,True,,,Internet Brands,an American new media company
11611,P176,Which company is Motorola Aura produced by?,Answer: Motorola,Motorola,answered,False,0.0,0.0,Motorola,American telecommunications company
11311,P176,Which company is General Electric J85 produced by?,Answer: General Electric,General Electric,answered,False,0.0,0.0,General Electric,American multinational conglomerate
9798,P170,Who was Criss Angel Mindfreak created by?,Answer: Criss Angel Mindfreak was created by Criss Angel.,Criss Angel Mindfreak was created by Criss Angel.,answered,False,0.0,0.0,Criss Angel,an American illusionist
4241,P50,Who is the author of Ang Paboritong Libro ni Hudas?,Answer: I don't know,I don't know,abstained,True,,,Bob Ong,Filipino
4837,P69,Where was John K. Stargel educated?,Answer: I don't know,I don't know,abstained,True,,,Florida State University,a public university
11453,P176,Which company is U-101-class submarine produced by?,Answer: I don't know,I don't know,abstained,True,,,Stabilimento Tecnico Triestino,Stabilimento Tecnico Triestino
8471,P127,Who owns Paris-Soir?,Answer: I don't know,I don't know,abstained,True,,,Jean Prouvost,a French businessman
4388,P50,Who is the author of The Minstrelsy of the Scottish Border?,Answer: Walter Scott,Walter Scott,answered,False,0.0,0.0,Walter Scott,a Scottish writer
11448,P176,Which company is Short 360 produced by?,Answer: I don't know,I don't know,abstained,True,,,Short Brothers,an aerospace manufacturer
4339,P50,Who is the author of Watchmen?,Answer: Alan Moore,Alan Moore,answered,False,1.0,1.0,Dave Gibbons,Alan Moore and Dave Gibbons
8039,P127,Who owns Lufthansa Cargo?,Answer: Lufthansa Cargo is owned by Lufthansa Group.,Lufthansa Cargo is owned by Lufthansa Group.,answered,False,0.0,0.0,Lufthansa,A company
5698,P112,Who founded Fushimi Castle?,Answer: I don't know,I don't know,abstained,True,,,Toyotomi Hideyoshi,a Japanese person
8105,P127,Who owns National Postal Museum?,Answer: I don't know,I don't know,abstained,True,,,Smithsonian Institution,United States government
5238,P69,Where was Joe Wood educated?,Answer: I don't know,I don't know,abstained,True,,,Rice University,Rice University
3871,P50,"Who is the author of The Book about Moomin, Mymble and Little My?",Answer: Tove Jansson,Tove Jansson,answered,False,0.0,0.0,Tove Jansson,a Finnish children's writer and illustrator
4508,P50,Who is the author of Christi Matri?,Answer: I don't know,I don't know,abstained,True,,,Paul VI,a religious leader
9949,P175,Who performed Total Magique?,Answer: I don't know,I don't know,abstained,True,,,We Are Wolves,a music band
8087,P127,Who owns u.tv?,Answer: I don't know,I don't know,abstained,True,,,ITV plc,A company
10865,P176,Which company is F-CK-1 Ching-kuo produced by?,Answer: I don't know,I don't know,abstained,True,,,Aerospace Industrial Development Corporation,A company
10695,P175,Who performed The Greatest Remixes Collection?,Answer: Various artists,Various artists,answered,False,,,Bananarama,musical group
9166,P170,Who was Grande tête mince created by?,Answer: I don't know,I don't know,abstained,True,,,Alberto Giacometti,a Swiss artist
8278,P127,Who owns Tiger's Roar?,Answer: I don't know,I don't know,abstained,True,,,Savannah State University,Savannah State University
4474,P50,Who is the author of A Year in Provence?,Answer: Peter Mayle,Peter Mayle,answered,False,0.0,0.0,Peter Mayle,a British writer
5865,P112,Who founded Regius Professor of Greek?,Answer: I don't know,I don't know,abstained,True,,,Henry VIII of England,a king
11573,P176,Which company is Perú Cola produced by?,Answer: I don't know,I don't know,abstained,True,,,Don Jorge,A company
9189,P170,Who was Dog City created by?,Answer: I don't know,I don't know,abstained,True,,,Jim Henson,an American puppeteer
10432,P175,Who performed Mary Mary?,Answer: I don't know,I don't know,abstained,True,,,Mary Mary,a duo
3998,P50,Who is the author of Araby?,Answer: James Joyce,James Joyce,answered,False,0.0,0.0,James Joyce,Irish writer
11078,P176,Which company is Krasnopol produced by?,Answer: I don't know,I don't know,abstained,True,,,Kalashnikov Concern,a weapons manufacturer
10331,P175,Who performed Rainy Day and Day?,Answer: I don't know,I don't know,abstained,True,,,Dragon Ash,a group
4462,P50,Who is the author of Fermi and Frost?,Answer: I don't know,I don't know,abstained,True,,,Frederik Pohl,a science fiction writer
8958,P127,Who owns Ben NL?,Answer: I don't know,I don't know,abstained,True,,,T-Mobile International,Deutsche Telekom
4431,P50,Who is the author of My Life and Hard Times?,Answer: I don't know,I don't know,abstained,True,,,James Thurber,an American
8127,P127,Who owns Agere Systems?,Answer: I don't know,I don't know,abstained,True,,,LSI Corporation,A technology company
3909,P50,Who is the author of The First Man?,Answer: Jean-Marie Gustave Le Clézio,Jean-Marie Gustave Le Clézio,answered,False,,,Albert Camus,a French journalist
8929,P127,Who owns Deepwater Horizon?,Answer: I don't know,I don't know,abstained,True,,,Transocean,an offshore drilling contractor
5376,P69,Where was Charlie Carr educated?,Answer: I don't know,I don't know,abstained,True,,,Lehigh University,Lehigh University
8617,P127,Who owns Holy Mountain?,Answer: I don't know,I don't know,abstained,True,,,National Film Board of Canada,a film board
11922,P264,What music label is My Life represented by?,Answer: I don't know,I don't know,abstained,True,,,Blix Street Records,a music label
11983,P264,What music label is Jerry Jaye represented by?,Answer: I don't know,I don't know,abstained,True,,,Columbia Records,Sony Music Entertainment
8513,P127,Who owns South Western Main Line?,Answer: Govia Thameslink Railway,Govia Thameslink Railway,answered,False,,,Network Rail,The British government
10504,P175,Who performed Instant Pleasure?,Answer: I don't know,I don't know,abstained,True,,,Rufus Wainwright,a singer-songwriter and composer
8974,P170,"Who was Huey, Dewey, and Louie created by?",Answer: Carl Barks,Carl Barks,answered,False,,,Al Taliaferro,an American comics artist
12450,P264,What music label is Iyaz represented by?,Answer: I don't know,I don't know,abstained,True,,,Beluga Heights Records,Beluga Heights Records
5135,P69,Where was Yasushi Akutagawa educated?,Answer: I don't know,I don't know,abstained,True,,,Tokyo University of the Arts,Japan
8455,P127,Who owns Angle Lifeboat Station?,Answer: I don't know,I don't know,abstained,True,,,Royal National Lifeboat Institution,a non-profit organization
4372,P50,Who is the author of A Foot in the Grave?,Answer: I don't know,I don't know,abstained,True,,,Bruce Marshall,a British writer
4067,P50,Who is the author of Dunsinane?,Answer: I don't know,I don't know,abstained,True,,,David Greig,a British writer
5815,P112,Who founded Royal Swedish Opera?,Answer: I don't know,I don't know,abstained,True,,,Gustav III of Sweden,a king
10461,P175,Who performed Short Circuit III?,Answer: I don't know,I don't know,abstained,True,,,I've Sound,a music production group
11620,P176,Which company is Lockheed MQM-105 Aquila produced by?,Answer: I don't know,I don't know,abstained,True,,,Lockheed Corporation,an aerospace manufacturer
8244,P127,Who owns Zend Technologies?,Answer: I don't know,I don't know,abstained,True,,,Rogue Wave Software,an American software company
11593,P176,Which company is TAI Keklik produced by?,Answer: I don't know,I don't know,abstained,True,,,Turkish Aerospace Industries,a Turkish company
8699,P127,Who owns Chivas Regal?,Answer: Pernod Ricard,Pernod Ricard,answered,False,0.0,0.0,Pernod Ricard,a French company
5846,P112,Who founded château d'Écouen?,Answer: Jean Goujon,Jean Goujon,answered,False,,,Anne de Montmorency,a nobleman
5664,P112,Who founded Skokloster Castle?,Answer: Gustavus Adolphus,Gustavus Adolphus,answered,False,,,Carl Gustaf Wrangel,a Swedish military officer
11276,P176,Which company is E-Jet produced by?,Answer: I don't know,I don't know,abstained,True,,,Embraer,a Brazilian company
8571,P127,Who owns The Voice TV Sweden?,Answer: I don't know,I don't know,abstained,True,,,ProSiebenSat.1 Media SE,a German mass media company
12415,P264,What music label is Captain represented by?,Answer: I don't know,I don't know,abstained,True,,,EMI Records,a multinational record label
4733,P69,Where was Julio Vallejo Ruiloba educated?,Answer: I don't know,I don't know,abstained,True,,,University of Barcelona,Spain
