source,qid,question,gold_hierarchy,model_answer,matcher_level,matcher_says,tier,human_level,human_agrees,note
7b_dates_sft_7b_s0w2,1853,Where did Dorothy Kirsten die?,Los Angeles > California > United States of America,United Kingdom,,no match,none,,,
7b_base,7657,Where is the headquarter of Sri Lanka Telecom?,"Colombo > Western Province, Sri Lanka > Sri Lanka",Sri Lanka,1,"1: Western Province, Sri Lanka",substring,,,
7b_dates_sft_7b_s0w2,13046,Where is Shriekfest located?,Los Angeles > California > United States of America,United States,2,2: United States of America,substring,,,
7b_base,6931,Where is Polling in Tirol located?,Innsbruck-Land District > Tyrol > Austria,Austria,2,2: Austria,exact,,,
7b_base,6338,"Where is Wenceslau Braz, Minas Gerais located?","Minas Gerais > Southeast Region, Brazil > Brazil",Brazil,1,"1: Southeast Region, Brazil",substring,,,
7b_base,13557,Where is Battle of Sinop located?,Sinop > Brazil > South America,Turkey,,no match,none,,,
7b_base,1449,Where did Damad Halil Pasha die?,Istanbul > Turkey > Asia,Istanbul,0,0: Istanbul,exact,,,
1p5b_base,47,Where was Patrick Karegeya born?,Mbarara > Uganda > Africa,Kenya,,no match,none,,,
1p5b_base,1722,Where did Ángel Leyes die?,Buenos Aires > Argentina > South America,Mexico City,,no match,none,,,
7b_base,576,Where was Jhené Aiko born?,Los Angeles > California > United States of America,United States,2,2: United States of America,substring,,,
1p5b_base,13341,Where is Belize at the 1992 Summer Olympics located?,Barcelona > Catalonia > Spain,Mexico City,,no match,none,,,
7b_base,6717,"Where is Rocky Mount, Tennessee located?",Tennessee > United States of America,Tennessee,0,0: Tennessee,exact,,,
7b_base,7369,Where is the headquarter of TelstraClear?,Auckland > North Island > New Zealand,Australia,,no match,none,,,
7b_sft_loc_7b_v2,13068,Where is Cathedral of St. Vincent de Paul located?,Tunis > Tunisia > Africa,United States,,no match,none,,,
1p5b_base,1484,Where did Zhang Zongchang die?,Shandong > China > Asia,"Beijing, China",1,1: China,substring,,,
1p5b_base,7397,Where is the headquarter of 20th Century Fox Records?,Los Angeles > California > United States of America,"Los Angeles, California",0,0: Los Angeles,substring,,,
7b_dates_sft_7b_s0w2,7621,Where is the headquarter of Northwest Minzu University?,Lanzhou > Gansu > China,Gansu Province,1,1: Gansu,substring,,,
1p5b_base,150,Where was Sa Chen born?,Chongqing > China > Asia,China,1,1: China,exact,,,
7b_base,12823,Where is Battle of Musa Qala located?,Musa Qala > Helmand Province > Afghanistan,Afghanistan,2,2: Afghanistan,exact,,,
1p5b_base,570,Where was Déborah Rodríguez born?,Montevideo > Uruguay > South America,Puerto Rico,,no match,none,,,
1p5b_base,1540,Where did Berenice IV of Egypt die?,Alexandria > Egypt > Africa,"Cairo, Egypt",1,1: Egypt,substring,,,
7b_base,1535,Where did Rafael Dieste die?,Santiago de Compostela > Galicia > Spain,Uruguay,,no match,none,,,
1p5b_sft_v2_loc,7698,Where is the headquarter of Danubio F.C.?,Montevideo > Uruguay > South America,"Budapest, Hungary",,no match,none,,,
7b_base,7925,Where is the headquarter of Uganda Revenue Authority SC?,"Kampala > Central Region, Uganda > Uganda",Uganda,1,"1: Central Region, Uganda",substring,,,
1p5b_base,7925,Where is the headquarter of Uganda Revenue Authority SC?,"Kampala > Central Region, Uganda > Uganda",Kampala,0,0: Kampala,exact,,,
1p5b_sft_v2_loc,12888,Where is nuclear pasta located?,neutron star > star > space,Italy,,no match,none,,,
7b_base,7397,Where is the headquarter of 20th Century Fox Records?,Los Angeles > California > United States of America,Los Angeles,0,0: Los Angeles,exact,,,
1p5b_base,13634,Where is 1987 Spanish Grand Prix located?,Circuito de Jerez > Jerez de la Frontera > Spain,"Valencia, Spain",2,2: Spain,substring,,,
1p5b_base,13534,Where is Battle of Lake Poyang located?,Poyang Lake > Jiangxi Province > China,"Jiangxi Province, China",1,1: Jiangxi Province,substring,,,
7b_base,1134,Where did Pigneau de Behaine die?,Cochinchina > Vietnam > Asia,China,,no match,none,,,
7b_base,6437,Where is Brumado located?,"Bahia > Northeast Region, Brazil > Brazil",Brazil,1,"1: Northeast Region, Brazil",substring,,,
1p5b_sft_v2_loc,1524,Where did Mary Ann McCall die?,Los Angeles > California > United States of America,United States,2,2: United States of America,substring,,,
7b_base,13096,Where is Ankara DSİ S.K. located?,Mamak > Ankara > Turkey,Turkey,2,2: Turkey,exact,,,
1p5b_base,838,Where was Ken Sueda born?,Japan > East Asia > Asia,Japan,0,0: Japan,exact,,,
7b_sft_loc_7b_v2,6749,Where is California State Route 166 located?,California > United States of America,United States,1,1: United States of America,substring,,,
7b_base,8,Where was Fenwick W. English born?,Los Angeles > California > United States of America,United States,2,2: United States of America,substring,,,
7b_base,880,Where was Tatsuya Hiruta born?,Iwaki > Fukushima Prefecture > Japan,Japan,2,2: Japan,exact,,,
1p5b_base,13101,Where is landing at Anzac Cove located?,ANZAC Cove > Gallipoli peninsula > Turkey,Australia,,no match,none,,,
1p5b_base,6717,"Where is Rocky Mount, Tennessee located?",Tennessee > United States of America,"Rocky Mount, Tennessee",0,0: Tennessee,substring,,,
7b_base,13594,Where is Flaoui located?,Beqaa Governorate > Lebanon,Tunisia,,no match,none,,,
7b_dates_sft_7b_s0w2,6551,Where is Jiucheng located?,"Luxi County, Yunnan > Yunnan > China",China,2,2: China,exact,,,
7b_base,437,Where was Gonzalo Rodríguez born?,Montevideo > Uruguay > South America,Spain,,no match,none,,,
7b_sft_loc_7b_v2,994,Where was Geoff Tisdale born?,Pacoima > Los Angeles County > California > United States of America,United States,3,3: United States of America,substring,,,
1p5b_base,6571,Where is Urubamba District located?,Urubamba Province > Cusco > Peru,"Cusco Region, Peru",1,1: Cusco,substring,,,
7b_base,7446,Where is the headquarter of Operário Futebol Clube?,Campo Grande > Mato Grosso do Sul > Brazil,Brazil,2,2: Brazil,exact,,,
7b_sft_loc_7b_v2,1870,Where did Charles Lavigerie die?,Algiers > Algeria > Africa,Algeria,1,1: Algeria,exact,,,
7b_base,13685,Where is 1979 Austrian Grand Prix located?,"Red Bull Ring > Spielberg, Austria > Austria",Austria,1,"1: Spielberg, Austria",substring,,,
7b_base,13183,"Where is Inka Tampu, Cajamarca located?",Cajamarca > Peru,"Cajamarca, Peru",0,0: Cajamarca,substring,,,
7b_base,13281,Where is Jingkang Incident located?,Kaifeng > Henan > China,China,2,2: China,exact,,,
7b_base,1173,Where did Ibn Yunus die?,Cairo > Egypt > Africa,Egypt,1,1: Egypt,exact,,,
